document_id,source_file,language,pdf_page_number,extraction_method,embedded_non_whitespace_characters,final_non_whitespace_characters,expected_script_ratio,replacement_character_ratio,repeated_boundary_lines_removed,quality_status,warnings
penal_code_amendment_si_1980_50,Amendment_PenalCode_Sinhala_1980_Dec_11.pdf,si,1,ocr_sin,0,405,0.994429,0.0,0,pending_review,embedded_text_replaced_by_ocr
penal_code_amendment_si_1980_50,Amendment_PenalCode_Sinhala_1980_Dec_11.pdf,si,2,ocr_sin,0,1316,1.0,0.0,0,pending_review,embedded_text_replaced_by_ocr
penal_code_amendment_si_1980_50,Amendment_PenalCode_Sinhala_1980_Dec_11.pdf,si,3,ocr_sin,0,1559,1.0,0.0,0,pending_review,embedded_text_replaced_by_ocr
penal_code_amendment_si_1980_50,Amendment_PenalCode_Sinhala_1980_Dec_11.pdf,si,4,ocr_sin,0,1452,1.0,0.0,0,pending_review,embedded_text_replaced_by_ocr
penal_code_amendment_si_1980_50,Amendment_PenalCode_Sinhala_1980_Dec_11.pdf,si,5,ocr_sin,0,1380,0.993636,0.0,0,pending_review,embedded_text_replaced_by_ocr
penal_code_amendment_si_1980_50,Amendment_PenalCode_Sinhala_1980_Dec_11.pdf,si,6,ocr_sin,0,1519,1.0,0.0,0,pending_review,embedded_text_replaced_by_ocr
penal_code_amendment_si_1980_50,Amendment_PenalCode_Sinhala_1980_Dec_11.pdf,si,7,ocr_sin,0,1471,0.998512,0.0,0,pending_review,embedded_text_replaced_by_ocr
penal_code_amendment_si_1980_50,Amendment_PenalCode_Sinhala_1980_Dec_11.pdf,si,8,ocr_sin,0,701,1.0,0.0,0,pending_review,embedded_text_replaced_by_ocr
penal_code_amendment_si_1980_50,Amendment_PenalCode_Sinhala_1980_Dec_11.pdf,si,9,ocr_sin,0,378,1.0,0.0,0,pending_review,embedded_text_replaced_by_ocr
penal_code_amendment_si_1998_29,Amendment_PenalCode_Sinhala_1998_Juny_04.pdf,si,1,ocr_sin,0,401,0.9941,0.0,0,pending_review,embedded_text_replaced_by_ocr
penal_code_amendment_si_1998_29,Amendment_PenalCode_Sinhala_1998_Juny_04.pdf,si,2,ocr_sin,0,1198,1.0,0.0,0,pending_review,embedded_text_replaced_by_ocr
penal_code_amendment_si_1998_29,Amendment_PenalCode_Sinhala_1998_Juny_04.pdf,si,3,ocr_sin,0,1076,1.0,0.0,0,pending_review,embedded_text_replaced_by_ocr
penal_code_amendment_si_1998_29,Amendment_PenalCode_Sinhala_1998_Juny_04.pdf,si,4,ocr_sin,0,903,1.0,0.0,0,pending_review,embedded_text_replaced_by_ocr
penal_code_amendment_si_1998_29,Amendment_PenalCode_Sinhala_1998_Juny_04.pdf,si,5,ocr_sin,0,823,1.0,0.0,0,pending_review,embedded_text_replaced_by_ocr
penal_code_amendment_si_1998_29,Amendment_PenalCode_Sinhala_1998_Juny_04.pdf,si,6,ocr_sin,0,263,1.0,0.0,0,pending_review,embedded_text_replaced_by_ocr
penal_code_amendment_si_2002_12,Amendment_PenalCode_Sinhala_2002_July_17.pdf,si,1,ocr_sin,0,399,0.994083,0.0,0,pending_review,embedded_text_replaced_by_ocr
penal_code_amendment_si_2002_12,Amendment_PenalCode_Sinhala_2002_July_17.pdf,si,2,ocr_sin,0,680,0.991304,0.0,0,pending_review,embedded_text_replaced_by_ocr
penal_code_amendment_si_2002_12,Amendment_PenalCode_Sinhala_2002_July_17.pdf,si,3,ocr_sin,0,285,1.0,0.0,0,pending_review,embedded_text_replaced_by_ocr
penal_code_amendment_si_2006_16,Amendment_PenalCode_Sinhala_2006_Apr_24.pdf,si,1,ocr_sin,375,403,1.0,0.0,0,pending_review,embedded_text_replaced_by_ocr
penal_code_amendment_si_2006_16,Amendment_PenalCode_Sinhala_2006_Apr_24.pdf,si,2,ocr_sin,1123,1091,1.0,0.0,0,pending_review,embedded_text_replaced_by_ocr
penal_code_amendment_si_2006_16,Amendment_PenalCode_Sinhala_2006_Apr_24.pdf,si,3,ocr_sin,1287,1219,1.0,0.0,0,pending_review,embedded_text_replaced_by_ocr
penal_code_amendment_si_2006_16,Amendment_PenalCode_Sinhala_2006_Apr_24.pdf,si,4,ocr_sin,1164,1125,1.0,0.0,0,pending_review,embedded_text_replaced_by_ocr
penal_code_amendment_si_2006_16,Amendment_PenalCode_Sinhala_2006_Apr_24.pdf,si,5,ocr_sin,1079,953,1.0,0.0,0,pending_review,embedded_text_replaced_by_ocr
penal_code_amendment_si_2006_16,Amendment_PenalCode_Sinhala_2006_Apr_24.pdf,si,6,ocr_sin,1067,881,1.0,0.0,0,pending_review,embedded_text_replaced_by_ocr
penal_code_amendment_si_2006_16,Amendment_PenalCode_Sinhala_2006_Apr_24.pdf,si,7,ocr_sin,822,809,1.0,0.0,0,pending_review,embedded_text_replaced_by_ocr
penal_code_amendment_si_2006_16,Amendment_PenalCode_Sinhala_2006_Apr_24.pdf,si,8,ocr_sin,816,793,1.0,0.0,0,pending_review,embedded_text_replaced_by_ocr
penal_code_amendment_si_2006_16,Amendment_PenalCode_Sinhala_2006_Apr_24.pdf,si,9,ocr_sin,940,884,1.0,0.0,0,pending_review,embedded_text_replaced_by_ocr
penal_code_amendment_si_2006_16,Amendment_PenalCode_Sinhala_2006_Apr_24.pdf,si,10,ocr_sin,813,803,1.0,0.0,0,pending_review,embedded_text_replaced_by_ocr
penal_code_amendment_si_2006_16,Amendment_PenalCode_Sinhala_2006_Apr_24.pdf,si,11,ocr_sin,1180,1123,0.999019,0.0,0,pending_review,embedded_text_replaced_by_ocr
penal_code_amendment_si_2006_16,Amendment_PenalCode_Sinhala_2006_Apr_24.pdf,si,12,ocr_sin,1034,1058,0.989733,0.0,0,pending_review,embedded_text_replaced_by_ocr
penal_code_amendment_si_2006_16,Amendment_PenalCode_Sinhala_2006_Apr_24.pdf,si,13,ocr_sin,1055,928,1.0,0.0,0,pending_review,embedded_text_replaced_by_ocr
penal_code_amendment_si_2006_16,Amendment_PenalCode_Sinhala_2006_Apr_24.pdf,si,14,ocr_sin,848,697,1.0,0.0,0,pending_review,embedded_text_replaced_by_ocr
penal_code_amendment_si_2006_16,Amendment_PenalCode_Sinhala_2006_Apr_24.pdf,si,15,ocr_sin,287,263,1.0,0.0,0,pending_review,embedded_text_replaced_by_ocr
penal_code_amendment_si_2018_10,Amendment_PenalCode_Sinhala_2018_May_21.pdf,si,1,ocr_sin,423,396,1.0,0.0,0,pending_review,embedded_text_replaced_by_ocr
penal_code_amendment_si_2018_10,Amendment_PenalCode_Sinhala_2018_May_21.pdf,si,2,ocr_sin,1061,935,1.0,0.0,0,pending_review,embedded_text_replaced_by_ocr
penal_code_amendment_si_2018_10,Amendment_PenalCode_Sinhala_2018_May_21.pdf,si,3,ocr_sin,149,119,1.0,0.0,0,pending_review,embedded_text_replaced_by_ocr
penal_code_amendment_si_2021_5,Amendment_PenalCode_Sinhala_2021_Jan_18.pdf,si,1,ocr_sin,426,392,1.0,0.0,0,pending_review,embedded_text_replaced_by_ocr
penal_code_amendment_si_2021_5,Amendment_PenalCode_Sinhala_2021_Jan_18.pdf,si,2,ocr_sin,983,822,1.0,0.0,0,pending_review,embedded_text_replaced_by_ocr
penal_code_amendment_si_2021_5,Amendment_PenalCode_Sinhala_2021_Jan_18.pdf,si,3,ocr_sin,1090,909,1.0,0.0,0,pending_review,embedded_text_replaced_by_ocr
penal_code_amendment_si_2021_5,Amendment_PenalCode_Sinhala_2021_Jan_18.pdf,si,4,ocr_sin,1129,1008,1.0,0.0,0,pending_review,embedded_text_replaced_by_ocr
penal_code_amendment_si_2021_5,Amendment_PenalCode_Sinhala_2021_Jan_18.pdf,si,5,ocr_sin,1369,1152,1.0,0.0,0,pending_review,embedded_text_replaced_by_ocr
penal_code_amendment_si_2021_5,Amendment_PenalCode_Sinhala_2021_Jan_18.pdf,si,6,ocr_sin,1262,1025,1.0,0.0,0,pending_review,embedded_text_replaced_by_ocr
penal_code_amendment_si_2021_5,Amendment_PenalCode_Sinhala_2021_Jan_18.pdf,si,7,ocr_sin,1227,1049,1.0,0.0,0,pending_review,embedded_text_replaced_by_ocr
penal_code_amendment_si_2021_5,Amendment_PenalCode_Sinhala_2021_Jan_18.pdf,si,8,ocr_sin,1412,1146,1.0,0.0,0,pending_review,embedded_text_replaced_by_ocr
penal_code_amendment_si_2021_5,Amendment_PenalCode_Sinhala_2021_Jan_18.pdf,si,9,ocr_sin,411,265,1.0,0.0,0,pending_review,embedded_text_replaced_by_ocr
penal_code_amendment_si_2021_5,Amendment_PenalCode_Sinhala_2021_Jan_18.pdf,si,10,ocr_sin,148,119,1.0,0.0,0,pending_review,embedded_text_replaced_by_ocr
penal_code_amendment_si_2021_25,Amendment_PenalCode_Sinhala_2021_Oct_26.pdf,si,1,ocr_sin,425,397,1.0,0.0,0,pending_review,embedded_text_replaced_by_ocr
penal_code_amendment_si_2021_25,Amendment_PenalCode_Sinhala_2021_Oct_26.pdf,si,2,ocr_sin,1004,886,1.0,0.0,0,pending_review,embedded_text_replaced_by_ocr
penal_code_amendment_si_2021_25,Amendment_PenalCode_Sinhala_2021_Oct_26.pdf,si,3,ocr_sin,149,119,1.0,0.0,0,pending_review,embedded_text_replaced_by_ocr
penal_code_en_consolidated_2006,Penal Code.pdf,en,1,embedded_text,1425,1425,1.0,0.0,0,pending_review,
penal_code_en_consolidated_2006,Penal Code.pdf,en,2,embedded_text,3370,3370,1.0,0.0,0,pending_review,
penal_code_en_consolidated_2006,Penal Code.pdf,en,3,embedded_text,3616,3616,1.0,0.0,0,pending_review,
penal_code_en_consolidated_2006,Penal Code.pdf,en,4,embedded_text,2679,2679,1.0,0.0,0,pending_review,
penal_code_en_consolidated_2006,Penal Code.pdf,en,5,embedded_text,3270,3270,1.0,0.0,0,pending_review,
penal_code_en_consolidated_2006,Penal Code.pdf,en,6,embedded_text,3053,3053,1.0,0.0,0,pending_review,
penal_code_en_consolidated_2006,Penal Code.pdf,en,7,embedded_text,2989,2989,1.0,0.0,0,pending_review,
penal_code_en_consolidated_2006,Penal Code.pdf,en,8,embedded_text,3419,3419,1.0,0.0,0,pending_review,
penal_code_en_consolidated_2006,Penal Code.pdf,en,9,embedded_text,3405,3405,1.0,0.0,0,pending_review,
penal_code_en_consolidated_2006,Penal Code.pdf,en,10,embedded_text,3577,3577,1.0,0.0,0,pending_review,
penal_code_en_consolidated_2006,Penal Code.pdf,en,11,embedded_text,3579,3579,1.0,0.0,0,pending_review,
penal_code_en_consolidated_2006,Penal Code.pdf,en,12,embedded_text,3350,3350,1.0,0.0,0,pending_review,
penal_code_en_consolidated_2006,Penal Code.pdf,en,13,embedded_text,3756,3756,1.0,0.0,0,pending_review,
penal_code_en_consolidated_2006,Penal Code.pdf,en,14,embedded_text,2937,2937,1.0,0.0,0,pending_review,
penal_code_en_consolidated_2006,Penal Code.pdf,en,15,embedded_text,3313,3313,1.0,0.0,0,pending_review,
penal_code_en_consolidated_2006,Penal Code.pdf,en,16,embedded_text,3562,3562,1.0,0.0,0,pending_review,
penal_code_en_consolidated_2006,Penal Code.pdf,en,17,embedded_text,3642,3642,1.0,0.0,0,pending_review,
penal_code_en_consolidated_2006,Penal Code.pdf,en,18,embedded_text,3390,3390,1.0,0.0,0,pending_review,
penal_code_en_consolidated_2006,Penal Code.pdf,en,19,embedded_text,4127,4127,1.0,0.0,0,pending_review,
penal_code_en_consolidated_2006,Penal Code.pdf,en,20,embedded_text,3717,3717,1.0,0.0,0,pending_review,
penal_code_en_consolidated_2006,Penal Code.pdf,en,21,embedded_text,3759,3759,1.0,0.0,0,pending_review,
penal_code_en_consolidated_2006,Penal Code.pdf,en,22,embedded_text,4347,4347,1.0,0.0,0,pending_review,
penal_code_en_consolidated_2006,Penal Code.pdf,en,23,embedded_text,4105,4105,1.0,0.0,0,pending_review,
penal_code_en_consolidated_2006,Penal Code.pdf,en,24,embedded_text,4375,4375,1.0,0.0,0,pending_review,
penal_code_en_consolidated_2006,Penal Code.pdf,en,25,embedded_text,3308,3308,1.0,0.0,0,pending_review,
penal_code_en_consolidated_2006,Penal Code.pdf,en,26,embedded_text,3558,3558,1.0,0.0,0,pending_review,
penal_code_en_consolidated_2006,Penal Code.pdf,en,27,embedded_text,3852,3852,1.0,0.0,0,pending_review,
penal_code_en_consolidated_2006,Penal Code.pdf,en,28,embedded_text,4442,4442,1.0,0.0,0,pending_review,
penal_code_en_consolidated_2006,Penal Code.pdf,en,29,embedded_text,3675,3675,1.0,0.0,0,pending_review,
penal_code_en_consolidated_2006,Penal Code.pdf,en,30,embedded_text,3372,3372,1.0,0.0,0,pending_review,
penal_code_en_consolidated_2006,Penal Code.pdf,en,31,embedded_text,4001,4001,1.0,0.0,0,pending_review,
penal_code_en_consolidated_2006,Penal Code.pdf,en,32,embedded_text,4649,4649,1.0,0.0,0,pending_review,
penal_code_en_consolidated_2006,Penal Code.pdf,en,33,embedded_text,4377,4377,1.0,0.0,0,pending_review,
penal_code_en_consolidated_2006,Penal Code.pdf,en,34,embedded_text,4638,4638,1.0,0.0,0,pending_review,
penal_code_en_consolidated_2006,Penal Code.pdf,en,35,embedded_text,4318,4318,1.0,0.0,0,pending_review,
penal_code_en_consolidated_2006,Penal Code.pdf,en,36,embedded_text,3957,3957,1.0,0.0,0,pending_review,
penal_code_en_consolidated_2006,Penal Code.pdf,en,37,embedded_text,3817,3817,1.0,0.0,0,pending_review,
penal_code_en_consolidated_2006,Penal Code.pdf,en,38,embedded_text,4196,4196,1.0,0.0,0,pending_review,
penal_code_en_consolidated_2006,Penal Code.pdf,en,39,embedded_text,3855,3855,1.0,0.0,0,pending_review,
penal_code_en_consolidated_2006,Penal Code.pdf,en,40,embedded_text,4342,4342,1.0,0.0,0,pending_review,
penal_code_en_consolidated_2006,Penal Code.pdf,en,41,embedded_text,3828,3828,1.0,0.0,0,pending_review,
penal_code_en_consolidated_2006,Penal Code.pdf,en,42,embedded_text,3793,3793,1.0,0.0,0,pending_review,
penal_code_en_consolidated_2006,Penal Code.pdf,en,43,embedded_text,3755,3755,1.0,0.0,0,pending_review,
penal_code_en_consolidated_2006,Penal Code.pdf,en,44,embedded_text,3824,3824,1.0,0.0,0,pending_review,
penal_code_en_consolidated_2006,Penal Code.pdf,en,45,embedded_text,3166,3166,1.0,0.0,0,pending_review,
penal_code_en_consolidated_2006,Penal Code.pdf,en,46,embedded_text,3586,3586,1.0,0.0,0,pending_review,
penal_code_en_consolidated_2006,Penal Code.pdf,en,47,embedded_text,3420,3420,1.0,0.0,0,pending_review,
penal_code_en_consolidated_2006,Penal Code.pdf,en,48,embedded_text,3413,3413,1.0,0.0,0,pending_review,
penal_code_en_consolidated_2006,Penal Code.pdf,en,49,embedded_text,4379,4379,1.0,0.0,0,pending_review,
penal_code_en_consolidated_2006,Penal Code.pdf,en,50,embedded_text,4421,4421,1.0,0.0,0,pending_review,
penal_code_en_consolidated_2006,Penal Code.pdf,en,51,embedded_text,3906,3906,1.0,0.0,0,pending_review,
penal_code_en_consolidated_2006,Penal Code.pdf,en,52,embedded_text,3695,3695,1.0,0.0,0,pending_review,
penal_code_en_consolidated_2006,Penal Code.pdf,en,53,embedded_text,3412,3412,1.0,0.0,0,pending_review,
penal_code_en_consolidated_2006,Penal Code.pdf,en,54,embedded_text,3387,3387,1.0,0.0,0,pending_review,
penal_code_en_consolidated_2006,Penal Code.pdf,en,55,embedded_text,3689,3689,1.0,0.0,0,pending_review,
penal_code_en_consolidated_2006,Penal Code.pdf,en,56,embedded_text,3318,3318,1.0,0.0,0,pending_review,
penal_code_en_consolidated_2006,Penal Code.pdf,en,57,embedded_text,3366,3366,1.0,0.0,0,pending_review,
penal_code_en_consolidated_2006,Penal Code.pdf,en,58,embedded_text,3220,3220,1.0,0.0,0,pending_review,
penal_code_en_consolidated_2006,Penal Code.pdf,en,59,embedded_text,2933,2933,1.0,0.0,0,pending_review,
penal_code_en_consolidated_2006,Penal Code.pdf,en,60,embedded_text,3283,3283,1.0,0.0,0,pending_review,
penal_code_en_consolidated_2006,Penal Code.pdf,en,61,embedded_text,3021,3021,1.0,0.0,0,pending_review,
penal_code_en_consolidated_2006,Penal Code.pdf,en,62,embedded_text,3420,3420,1.0,0.0,0,pending_review,
penal_code_en_consolidated_2006,Penal Code.pdf,en,63,embedded_text,4128,4128,1.0,0.0,0,pending_review,
penal_code_en_consolidated_2006,Penal Code.pdf,en,64,embedded_text,3812,3812,1.0,0.0,0,pending_review,
penal_code_en_consolidated_2006,Penal Code.pdf,en,65,embedded_text,3463,3463,1.0,0.0,0,pending_review,
penal_code_en_consolidated_2006,Penal Code.pdf,en,66,embedded_text,3953,3953,1.0,0.0,0,pending_review,
penal_code_en_consolidated_2006,Penal Code.pdf,en,67,embedded_text,3669,3669,1.0,0.0,0,pending_review,
penal_code_en_consolidated_2006,Penal Code.pdf,en,68,embedded_text,3741,3741,1.0,0.0,0,pending_review,
penal_code_en_consolidated_2006,Penal Code.pdf,en,69,embedded_text,3505,3505,1.0,0.0,0,pending_review,
penal_code_en_consolidated_2006,Penal Code.pdf,en,70,embedded_text,4227,4227,1.0,0.0,0,pending_review,
penal_code_en_consolidated_2006,Penal Code.pdf,en,71,embedded_text,3715,3715,1.0,0.0,0,pending_review,
penal_code_en_consolidated_2006,Penal Code.pdf,en,72,embedded_text,3466,3466,1.0,0.0,0,pending_review,
penal_code_en_consolidated_2006,Penal Code.pdf,en,73,embedded_text,4229,4229,1.0,0.0,0,pending_review,
penal_code_en_consolidated_2006,Penal Code.pdf,en,74,embedded_text,3651,3651,1.0,0.0,0,pending_review,
penal_code_en_consolidated_2006,Penal Code.pdf,en,75,embedded_text,3716,3716,1.0,0.0,0,pending_review,
penal_code_en_consolidated_2006,Penal Code.pdf,en,76,embedded_text,4757,4757,1.0,0.0,0,pending_review,
penal_code_en_consolidated_2006,Penal Code.pdf,en,77,embedded_text,4187,4187,1.0,0.0,0,pending_review,
penal_code_en_consolidated_2006,Penal Code.pdf,en,78,embedded_text,3461,3461,1.0,0.0,0,pending_review,
penal_code_en_consolidated_2006,Penal Code.pdf,en,79,embedded_text,3968,3968,1.0,0.0,0,pending_review,
penal_code_en_collection_2024,Penal-Code I.pdf,en,1,embedded_text,130,130,1.0,0.0,0,pending_review,
penal_code_en_collection_2024,Penal-Code I.pdf,en,2,embedded_text,273,273,1.0,0.0,0,pending_review,
penal_code_en_collection_2024,Penal-Code I.pdf,en,3,embedded_text,771,762,1.0,0.0,1,pending_review,repeated_boundary_line_removed
penal_code_en_collection_2024,Penal-Code I.pdf,en,4,embedded_text,1093,1084,1.0,0.0,1,pending_review,repeated_boundary_line_removed
penal_code_en_collection_2024,Penal-Code I.pdf,en,5,embedded_text,1693,1684,1.0,0.0,1,pending_review,repeated_boundary_line_removed
penal_code_en_collection_2024,Penal-Code I.pdf,en,6,embedded_text,2040,2031,1.0,0.0,1,pending_review,repeated_boundary_line_removed
penal_code_en_collection_2024,Penal-Code I.pdf,en,7,embedded_text,1710,1701,1.0,0.0,1,pending_review,repeated_boundary_line_removed
penal_code_en_collection_2024,Penal-Code I.pdf,en,8,embedded_text,1666,1657,1.0,0.0,1,pending_review,repeated_boundary_line_removed
penal_code_en_collection_2024,Penal-Code I.pdf,en,9,embedded_text,1640,1631,1.0,0.0,1,pending_review,repeated_boundary_line_removed
penal_code_en_collection_2024,Penal-Code I.pdf,en,10,embedded_text,1790,1781,1.0,0.0,1,pending_review,repeated_boundary_line_removed
penal_code_en_collection_2024,Penal-Code I.pdf,en,11,embedded_text,1660,1651,1.0,0.0,1,pending_review,repeated_boundary_line_removed
penal_code_en_collection_2024,Penal-Code I.pdf,en,12,embedded_text,2153,2144,1.0,0.0,1,pending_review,repeated_boundary_line_removed
penal_code_en_collection_2024,Penal-Code I.pdf,en,13,embedded_text,1470,1461,1.0,0.0,1,pending_review,repeated_boundary_line_removed
penal_code_en_collection_2024,Penal-Code I.pdf,en,14,embedded_text,1200,1191,1.0,0.0,1,pending_review,repeated_boundary_line_removed
penal_code_en_collection_2024,Penal-Code I.pdf,en,15,embedded_text,1670,1661,1.0,0.0,1,pending_review,repeated_boundary_line_removed
penal_code_en_collection_2024,Penal-Code I.pdf,en,16,embedded_text,1878,1869,1.0,0.0,1,pending_review,repeated_boundary_line_removed
penal_code_en_collection_2024,Penal-Code I.pdf,en,17,embedded_text,1714,1714,1.0,0.0,0,pending_review,
penal_code_en_collection_2024,Penal-Code I.pdf,en,18,embedded_text,1981,1972,1.0,0.0,1,pending_review,repeated_boundary_line_removed
penal_code_en_collection_2024,Penal-Code I.pdf,en,19,embedded_text,2085,2076,1.0,0.0,1,pending_review,repeated_boundary_line_removed
penal_code_en_collection_2024,Penal-Code I.pdf,en,20,embedded_text,1821,1812,1.0,0.0,1,pending_review,repeated_boundary_line_removed
penal_code_en_collection_2024,Penal-Code I.pdf,en,21,embedded_text,2027,2018,1.0,0.0,1,pending_review,repeated_boundary_line_removed
penal_code_en_collection_2024,Penal-Code I.pdf,en,22,embedded_text,1962,1953,1.0,0.0,1,pending_review,repeated_boundary_line_removed
penal_code_en_collection_2024,Penal-Code I.pdf,en,23,embedded_text,1783,1774,1.0,0.0,1,pending_review,repeated_boundary_line_removed
penal_code_en_collection_2024,Penal-Code I.pdf,en,24,embedded_text,1809,1800,1.0,0.0,1,pending_review,repeated_boundary_line_removed
penal_code_en_collection_2024,Penal-Code I.pdf,en,25,embedded_text,1711,1702,1.0,0.0,1,pending_review,repeated_boundary_line_removed
penal_code_en_collection_2024,Penal-Code I.pdf,en,26,embedded_text,1717,1708,1.0,0.0,1,pending_review,repeated_boundary_line_removed
penal_code_en_collection_2024,Penal-Code I.pdf,en,27,embedded_text,1633,1624,1.0,0.0,1,pending_review,repeated_boundary_line_removed
penal_code_en_collection_2024,Penal-Code I.pdf,en,28,embedded_text,1727,1718,1.0,0.0,1,pending_review,repeated_boundary_line_removed
penal_code_en_collection_2024,Penal-Code I.pdf,en,29,embedded_text,2348,2339,1.0,0.0,1,pending_review,repeated_boundary_line_removed
penal_code_en_collection_2024,Penal-Code I.pdf,en,30,embedded_text,2256,2247,1.0,0.0,1,pending_review,repeated_boundary_line_removed
penal_code_en_collection_2024,Penal-Code I.pdf,en,31,embedded_text,2035,2026,1.0,0.0,1,pending_review,repeated_boundary_line_removed
penal_code_en_collection_2024,Penal-Code I.pdf,en,32,embedded_text,1857,1848,1.0,0.0,1,pending_review,repeated_boundary_line_removed
penal_code_en_collection_2024,Penal-Code I.pdf,en,33,embedded_text,2203,2194,1.0,0.0,1,pending_review,repeated_boundary_line_removed
penal_code_en_collection_2024,Penal-Code I.pdf,en,34,embedded_text,2164,2155,1.0,0.0,1,pending_review,repeated_boundary_line_removed
penal_code_en_collection_2024,Penal-Code I.pdf,en,35,embedded_text,1820,1820,1.0,0.0,0,pending_review,
penal_code_en_collection_2024,Penal-Code I.pdf,en,36,embedded_text,1627,1618,1.0,0.0,1,pending_review,repeated_boundary_line_removed
penal_code_en_collection_2024,Penal-Code I.pdf,en,37,embedded_text,1922,1922,1.0,0.0,0,pending_review,
penal_code_en_collection_2024,Penal-Code I.pdf,en,38,embedded_text,2135,2135,1.0,0.0,0,pending_review,
penal_code_en_collection_2024,Penal-Code I.pdf,en,39,embedded_text,1609,1600,1.0,0.0,1,pending_review,repeated_boundary_line_removed
penal_code_en_collection_2024,Penal-Code I.pdf,en,40,embedded_text,1870,1861,1.0,0.0,1,pending_review,repeated_boundary_line_removed
penal_code_en_collection_2024,Penal-Code I.pdf,en,41,embedded_text,1570,1561,1.0,0.0,1,pending_review,repeated_boundary_line_removed
penal_code_en_collection_2024,Penal-Code I.pdf,en,42,embedded_text,1678,1678,1.0,0.0,0,pending_review,
penal_code_en_collection_2024,Penal-Code I.pdf,en,43,embedded_text,1877,1868,1.0,0.0,1,pending_review,repeated_boundary_line_removed
penal_code_en_collection_2024,Penal-Code I.pdf,en,44,embedded_text,2022,2013,1.0,0.0,1,pending_review,repeated_boundary_line_removed
penal_code_en_collection_2024,Penal-Code I.pdf,en,45,embedded_text,1874,1865,1.0,0.0,1,pending_review,repeated_boundary_line_removed
penal_code_en_collection_2024,Penal-Code I.pdf,en,46,embedded_text,1706,1697,1.0,0.0,1,pending_review,repeated_boundary_line_removed
penal_code_en_collection_2024,Penal-Code I.pdf,en,47,embedded_text,1777,1768,1.0,0.0,1,pending_review,repeated_boundary_line_removed
penal_code_en_collection_2024,Penal-Code I.pdf,en,48,embedded_text,2118,2109,1.0,0.0,1,pending_review,repeated_boundary_line_removed
penal_code_en_collection_2024,Penal-Code I.pdf,en,49,embedded_text,2027,2018,1.0,0.0,1,pending_review,repeated_boundary_line_removed
penal_code_en_collection_2024,Penal-Code I.pdf,en,50,embedded_text,1367,1358,1.0,0.0,1,pending_review,repeated_boundary_line_removed
penal_code_en_collection_2024,Penal-Code I.pdf,en,51,embedded_text,1518,1509,1.0,0.0,1,pending_review,repeated_boundary_line_removed
penal_code_en_collection_2024,Penal-Code I.pdf,en,52,embedded_text,1663,1654,1.0,0.0,1,pending_review,repeated_boundary_line_removed
penal_code_en_collection_2024,Penal-Code I.pdf,en,53,embedded_text,1580,1580,1.0,0.0,0,pending_review,
penal_code_en_collection_2024,Penal-Code I.pdf,en,54,embedded_text,1723,1714,1.0,0.0,1,pending_review,repeated_boundary_line_removed
penal_code_en_collection_2024,Penal-Code I.pdf,en,55,embedded_text,1891,1882,1.0,0.0,1,pending_review,repeated_boundary_line_removed
penal_code_en_collection_2024,Penal-Code I.pdf,en,56,embedded_text,1950,1941,1.0,0.0,1,pending_review,repeated_boundary_line_removed
penal_code_en_collection_2024,Penal-Code I.pdf,en,57,embedded_text,1979,1970,1.0,0.0,1,pending_review,repeated_boundary_line_removed
penal_code_en_collection_2024,Penal-Code I.pdf,en,58,embedded_text,1725,1716,1.0,0.0,1,pending_review,repeated_boundary_line_removed
penal_code_en_collection_2024,Penal-Code I.pdf,en,59,embedded_text,1578,1578,1.0,0.0,0,pending_review,
penal_code_en_collection_2024,Penal-Code I.pdf,en,60,embedded_text,2102,2093,1.0,0.0,1,pending_review,repeated_boundary_line_removed
penal_code_en_collection_2024,Penal-Code I.pdf,en,61,embedded_text,1918,1909,1.0,0.0,1,pending_review,repeated_boundary_line_removed
penal_code_en_collection_2024,Penal-Code I.pdf,en,62,embedded_text,1831,1822,1.0,0.0,1,pending_review,repeated_boundary_line_removed
penal_code_en_collection_2024,Penal-Code I.pdf,en,63,embedded_text,1982,1982,1.0,0.0,0,pending_review,
penal_code_en_collection_2024,Penal-Code I.pdf,en,64,embedded_text,1891,1882,1.0,0.0,1,pending_review,repeated_boundary_line_removed
penal_code_en_collection_2024,Penal-Code I.pdf,en,65,embedded_text,1869,1860,1.0,0.0,1,pending_review,repeated_boundary_line_removed
penal_code_en_collection_2024,Penal-Code I.pdf,en,66,embedded_text,1745,1745,1.0,0.0,0,pending_review,
penal_code_en_collection_2024,Penal-Code I.pdf,en,67,embedded_text,1837,1828,1.0,0.0,1,pending_review,repeated_boundary_line_removed
penal_code_en_collection_2024,Penal-Code I.pdf,en,68,embedded_text,1727,1718,1.0,0.0,1,pending_review,repeated_boundary_line_removed
penal_code_en_collection_2024,Penal-Code I.pdf,en,69,embedded_text,1982,1973,1.0,0.0,1,pending_review,repeated_boundary_line_removed
penal_code_en_collection_2024,Penal-Code I.pdf,en,70,embedded_text,1872,1863,1.0,0.0,1,pending_review,repeated_boundary_line_removed
penal_code_en_collection_2024,Penal-Code I.pdf,en,71,embedded_text,1866,1857,1.0,0.0,1,pending_review,repeated_boundary_line_removed
penal_code_en_collection_2024,Penal-Code I.pdf,en,72,embedded_text,1849,1840,1.0,0.0,1,pending_review,repeated_boundary_line_removed
penal_code_en_collection_2024,Penal-Code I.pdf,en,73,embedded_text,1765,1756,1.0,0.0,1,pending_review,repeated_boundary_line_removed
penal_code_en_collection_2024,Penal-Code I.pdf,en,74,embedded_text,1495,1486,1.0,0.0,1,pending_review,repeated_boundary_line_removed
penal_code_en_collection_2024,Penal-Code I.pdf,en,75,embedded_text,1988,1979,1.0,0.0,1,pending_review,repeated_boundary_line_removed
penal_code_en_collection_2024,Penal-Code I.pdf,en,76,embedded_text,1992,1983,1.0,0.0,1,pending_review,repeated_boundary_line_removed
penal_code_en_collection_2024,Penal-Code I.pdf,en,77,embedded_text,1976,1967,1.0,0.0,1,pending_review,repeated_boundary_line_removed
penal_code_en_collection_2024,Penal-Code I.pdf,en,78,embedded_text,1849,1840,1.0,0.0,1,pending_review,repeated_boundary_line_removed
penal_code_en_collection_2024,Penal-Code I.pdf,en,79,embedded_text,2006,1997,1.0,0.0,1,pending_review,repeated_boundary_line_removed
penal_code_en_collection_2024,Penal-Code I.pdf,en,80,embedded_text,1694,1685,1.0,0.0,1,pending_review,repeated_boundary_line_removed
penal_code_en_collection_2024,Penal-Code I.pdf,en,81,embedded_text,1890,1881,1.0,0.0,1,pending_review,repeated_boundary_line_removed
penal_code_en_collection_2024,Penal-Code I.pdf,en,82,embedded_text,1583,1574,1.0,0.0,1,pending_review,repeated_boundary_line_removed
penal_code_en_collection_2024,Penal-Code I.pdf,en,83,embedded_text,1911,1902,1.0,0.0,1,pending_review,repeated_boundary_line_removed
penal_code_en_collection_2024,Penal-Code I.pdf,en,84,embedded_text,1659,1650,1.0,0.0,1,pending_review,repeated_boundary_line_removed
penal_code_en_collection_2024,Penal-Code I.pdf,en,85,embedded_text,1818,1809,1.0,0.0,1,pending_review,repeated_boundary_line_removed
penal_code_en_collection_2024,Penal-Code I.pdf,en,86,embedded_text,1548,1539,1.0,0.0,1,pending_review,repeated_boundary_line_removed
penal_code_en_collection_2024,Penal-Code I.pdf,en,87,embedded_text,1776,1767,1.0,0.0,1,pending_review,repeated_boundary_line_removed
penal_code_en_collection_2024,Penal-Code I.pdf,en,88,embedded_text,1044,1035,1.0,0.0,1,pending_review,repeated_boundary_line_removed
penal_code_en_collection_2024,Penal-Code I.pdf,en,89,embedded_text,1311,1311,1.0,0.0,0,pending_review,
penal_code_en_collection_2024,Penal-Code I.pdf,en,90,embedded_text,1757,1757,1.0,0.0,0,pending_review,
penal_code_en_collection_2024,Penal-Code I.pdf,en,91,embedded_text,1038,1029,1.0,0.0,1,pending_review,repeated_boundary_line_removed
penal_code_en_collection_2024,Penal-Code I.pdf,en,92,embedded_text,2089,2080,1.0,0.0,1,pending_review,repeated_boundary_line_removed
penal_code_en_collection_2024,Penal-Code I.pdf,en,93,embedded_text,1627,1618,1.0,0.0,1,pending_review,repeated_boundary_line_removed
penal_code_en_collection_2024,Penal-Code I.pdf,en,94,embedded_text,1979,1970,1.0,0.0,1,pending_review,repeated_boundary_line_removed
penal_code_en_collection_2024,Penal-Code I.pdf,en,95,embedded_text,2227,2218,1.0,0.0,1,pending_review,repeated_boundary_line_removed
penal_code_en_collection_2024,Penal-Code I.pdf,en,96,embedded_text,2206,2197,1.0,0.0,1,pending_review,repeated_boundary_line_removed
penal_code_en_collection_2024,Penal-Code I.pdf,en,97,embedded_text,1555,1546,1.0,0.0,1,pending_review,repeated_boundary_line_removed
penal_code_en_collection_2024,Penal-Code I.pdf,en,98,embedded_text,1609,1600,1.0,0.0,1,pending_review,repeated_boundary_line_removed
penal_code_en_collection_2024,Penal-Code I.pdf,en,99,embedded_text,1796,1787,1.0,0.0,1,pending_review,repeated_boundary_line_removed
penal_code_en_collection_2024,Penal-Code I.pdf,en,100,embedded_text,1989,1989,1.0,0.0,0,pending_review,
penal_code_en_collection_2024,Penal-Code I.pdf,en,101,embedded_text,777,768,1.0,0.0,1,pending_review,repeated_boundary_line_removed
penal_code_en_collection_2024,Penal-Code I.pdf,en,102,embedded_text,1672,1663,1.0,0.0,1,pending_review,repeated_boundary_line_removed
penal_code_en_collection_2024,Penal-Code I.pdf,en,103,embedded_text,1968,1959,1.0,0.0,1,pending_review,repeated_boundary_line_removed
penal_code_en_collection_2024,Penal-Code I.pdf,en,104,embedded_text,2069,2060,1.0,0.0,1,pending_review,repeated_boundary_line_removed
penal_code_en_collection_2024,Penal-Code I.pdf,en,105,embedded_text,1884,1875,1.0,0.0,1,pending_review,repeated_boundary_line_removed
penal_code_en_collection_2024,Penal-Code I.pdf,en,106,embedded_text,1701,1692,1.0,0.0,1,pending_review,repeated_boundary_line_removed
penal_code_en_collection_2024,Penal-Code I.pdf,en,107,embedded_text,1633,1624,1.0,0.0,1,pending_review,repeated_boundary_line_removed
penal_code_en_collection_2024,Penal-Code I.pdf,en,108,embedded_text,1960,1951,1.0,0.0,1,pending_review,repeated_boundary_line_removed
penal_code_en_collection_2024,Penal-Code I.pdf,en,109,embedded_text,1918,1909,1.0,0.0,1,pending_review,repeated_boundary_line_removed
penal_code_en_collection_2024,Penal-Code I.pdf,en,110,embedded_text,2229,2229,1.0,0.0,0,pending_review,
penal_code_en_collection_2024,Penal-Code I.pdf,en,111,embedded_text,2413,2404,1.0,0.0,1,pending_review,repeated_boundary_line_removed
penal_code_en_collection_2024,Penal-Code I.pdf,en,112,embedded_text,1787,1778,1.0,0.0,1,pending_review,repeated_boundary_line_removed
penal_code_en_collection_2024,Penal-Code I.pdf,en,113,embedded_text,1712,1703,1.0,0.0,1,pending_review,repeated_boundary_line_removed
penal_code_en_collection_2024,Penal-Code I.pdf,en,114,embedded_text,2087,2078,1.0,0.0,1,pending_review,repeated_boundary_line_removed
penal_code_en_collection_2024,Penal-Code I.pdf,en,115,embedded_text,990,981,1.0,0.0,1,pending_review,repeated_boundary_line_removed
penal_code_en_collection_2024,Penal-Code I.pdf,en,116,embedded_text,1119,1110,1.0,0.0,1,pending_review,repeated_boundary_line_removed
penal_code_en_collection_2024,Penal-Code I.pdf,en,117,embedded_text,968,959,1.0,0.0,1,pending_review,repeated_boundary_line_removed
penal_code_en_collection_2024,Penal-Code I.pdf,en,118,embedded_text,2448,2439,1.0,0.0,1,pending_review,repeated_boundary_line_removed
penal_code_en_collection_2024,Penal-Code I.pdf,en,119,embedded_text,1166,1157,1.0,0.0,1,pending_review,repeated_boundary_line_removed
penal_code_en_collection_2024,Penal-Code I.pdf,en,120,embedded_text,1068,1068,1.0,0.0,0,pending_review,
penal_code_en_collection_2024,Penal-Code I.pdf,en,121,embedded_text,1048,1039,1.0,0.0,1,pending_review,repeated_boundary_line_removed
penal_code_en_collection_2024,Penal-Code I.pdf,en,122,embedded_text,1511,1502,1.0,0.0,1,pending_review,repeated_boundary_line_removed
penal_code_en_collection_2024,Penal-Code I.pdf,en,123,embedded_text,1293,1284,1.0,0.0,1,pending_review,repeated_boundary_line_removed
penal_code_en_collection_2024,Penal-Code I.pdf,en,124,embedded_text,1589,1580,1.0,0.0,1,pending_review,repeated_boundary_line_removed
penal_code_en_collection_2024,Penal-Code I.pdf,en,125,embedded_text,1149,1140,1.0,0.0,1,pending_review,repeated_boundary_line_removed
penal_code_en_collection_2024,Penal-Code I.pdf,en,126,embedded_text,1129,1120,1.0,0.0,1,pending_review,repeated_boundary_line_removed
penal_code_en_collection_2024,Penal-Code I.pdf,en,127,embedded_text,2892,2892,1.0,0.0,0,pending_review,
penal_code_en_collection_2024,Penal-Code I.pdf,en,128,embedded_text,1981,1972,1.0,0.0,1,pending_review,repeated_boundary_line_removed
penal_code_en_collection_2024,Penal-Code I.pdf,en,129,embedded_text,1768,1759,1.0,0.0,1,pending_review,repeated_boundary_line_removed
penal_code_en_collection_2024,Penal-Code I.pdf,en,130,embedded_text,1923,1914,1.0,0.0,1,pending_review,repeated_boundary_line_removed
penal_code_en_collection_2024,Penal-Code I.pdf,en,131,embedded_text,1698,1689,1.0,0.0,1,pending_review,repeated_boundary_line_removed
penal_code_en_collection_2024,Penal-Code I.pdf,en,132,embedded_text,1864,1855,1.0,0.0,1,pending_review,repeated_boundary_line_removed
penal_code_en_collection_2024,Penal-Code I.pdf,en,133,embedded_text,1985,1976,1.0,0.0,1,pending_review,repeated_boundary_line_removed
penal_code_en_collection_2024,Penal-Code I.pdf,en,134,embedded_text,2258,2249,1.0,0.0,1,pending_review,repeated_boundary_line_removed
penal_code_en_collection_2024,Penal-Code I.pdf,en,135,embedded_text,1993,1984,1.0,0.0,1,pending_review,repeated_boundary_line_removed
penal_code_en_collection_2024,Penal-Code I.pdf,en,136,embedded_text,1998,1989,1.0,0.0,1,pending_review,repeated_boundary_line_removed
penal_code_en_collection_2024,Penal-Code I.pdf,en,137,embedded_text,1577,1568,1.0,0.0,1,pending_review,repeated_boundary_line_removed
penal_code_en_collection_2024,Penal-Code I.pdf,en,138,embedded_text,1869,1860,1.0,0.0,1,pending_review,repeated_boundary_line_removed
penal_code_en_collection_2024,Penal-Code I.pdf,en,139,embedded_text,1914,1905,1.0,0.0,1,pending_review,repeated_boundary_line_removed
penal_code_en_collection_2024,Penal-Code I.pdf,en,140,embedded_text,1941,1932,1.0,0.0,1,pending_review,repeated_boundary_line_removed
penal_code_en_collection_2024,Penal-Code I.pdf,en,141,embedded_text,1894,1885,1.0,0.0,1,pending_review,repeated_boundary_line_removed
penal_code_en_collection_2024,Penal-Code I.pdf,en,142,embedded_text,1954,1945,1.0,0.0,1,pending_review,repeated_boundary_line_removed
penal_code_en_collection_2024,Penal-Code I.pdf,en,143,embedded_text,1892,1883,1.0,0.0,1,pending_review,repeated_boundary_line_removed
penal_code_en_collection_2024,Penal-Code I.pdf,en,144,embedded_text,1927,1918,1.0,0.0,1,pending_review,repeated_boundary_line_removed
penal_code_en_collection_2024,Penal-Code I.pdf,en,145,embedded_text,1741,1741,1.0,0.0,0,pending_review,
penal_code_en_collection_2024,Penal-Code I.pdf,en,146,embedded_text,1692,1692,1.0,0.0,0,pending_review,
penal_code_en_collection_2024,Penal-Code I.pdf,en,147,embedded_text,1780,1771,1.0,0.0,1,pending_review,repeated_boundary_line_removed
penal_code_en_collection_2024,Penal-Code I.pdf,en,148,embedded_text,1786,1786,1.0,0.0,0,pending_review,
penal_code_en_collection_2024,Penal-Code I.pdf,en,149,embedded_text,1873,1873,1.0,0.0,0,pending_review,
penal_code_en_collection_2024,Penal-Code I.pdf,en,150,embedded_text,2058,2058,1.0,0.0,0,pending_review,
penal_code_en_collection_2024,Penal-Code I.pdf,en,151,embedded_text,1518,1509,1.0,0.0,1,pending_review,repeated_boundary_line_removed
penal_code_en_collection_2024,Penal-Code I.pdf,en,152,embedded_text,1869,1869,1.0,0.0,0,pending_review,
penal_code_en_collection_2024,Penal-Code I.pdf,en,153,embedded_text,2285,2285,1.0,0.0,0,pending_review,
penal_code_en_collection_2024,Penal-Code I.pdf,en,154,embedded_text,2012,2012,1.0,0.0,0,pending_review,
penal_code_en_collection_2024,Penal-Code I.pdf,en,155,embedded_text,2009,2009,1.0,0.0,0,pending_review,
penal_code_en_collection_2024,Penal-Code I.pdf,en,156,embedded_text,2017,2017,1.0,0.0,0,pending_review,
penal_code_en_collection_2024,Penal-Code I.pdf,en,157,embedded_text,1976,1976,1.0,0.0,0,pending_review,
penal_code_en_collection_2024,Penal-Code I.pdf,en,158,embedded_text,1710,1710,1.0,0.0,0,pending_review,
penal_code_en_collection_2024,Penal-Code I.pdf,en,159,embedded_text,2011,2002,1.0,0.0,1,pending_review,repeated_boundary_line_removed
penal_code_en_collection_2024,Penal-Code I.pdf,en,160,embedded_text,1686,1686,1.0,0.0,0,pending_review,
penal_code_en_collection_2024,Penal-Code I.pdf,en,161,embedded_text,1661,1661,1.0,0.0,0,pending_review,
penal_code_en_collection_2024,Penal-Code I.pdf,en,162,embedded_text,2258,2258,1.0,0.0,0,pending_review,
penal_code_en_collection_2024,Penal-Code I.pdf,en,163,embedded_text,2344,2335,1.0,0.0,1,pending_review,repeated_boundary_line_removed
penal_code_en_collection_2024,Penal-Code I.pdf,en,164,embedded_text,2256,2256,1.0,0.0,0,pending_review,
penal_code_en_collection_2024,Penal-Code I.pdf,en,165,embedded_text,1655,1655,1.0,0.0,0,pending_review,
penal_code_en_collection_2024,Penal-Code I.pdf,en,166,embedded_text,1785,1785,1.0,0.0,0,pending_review,
penal_code_en_collection_2024,Penal-Code I.pdf,en,167,embedded_text,1599,1599,1.0,0.0,0,pending_review,
penal_code_en_collection_2024,Penal-Code I.pdf,en,168,embedded_text,1466,1466,1.0,0.0,0,pending_review,
penal_code_en_collection_2024,Penal-Code I.pdf,en,169,embedded_text,377,377,1.0,0.0,0,pending_review,
penal_code_en_collection_2024,Penal-Code I.pdf,en,170,embedded_text,816,816,1.0,0.0,0,pending_review,
penal_code_en_collection_2024,Penal-Code I.pdf,en,171,embedded_text,276,276,1.0,0.0,0,pending_review,
penal_code_en_collection_2024,Penal-Code I.pdf,en,172,embedded_text,379,379,1.0,0.0,0,pending_review,
penal_code_en_collection_2024,Penal-Code I.pdf,en,173,embedded_text,1219,1219,1.0,0.0,0,pending_review,
penal_code_en_collection_2024,Penal-Code I.pdf,en,174,embedded_text,1411,1411,1.0,0.0,0,pending_review,
penal_code_en_collection_2024,Penal-Code I.pdf,en,175,embedded_text,1409,1409,1.0,0.0,0,pending_review,
penal_code_en_collection_2024,Penal-Code I.pdf,en,176,embedded_text,1109,1109,1.0,0.0,0,pending_review,
penal_code_en_collection_2024,Penal-Code I.pdf,en,177,embedded_text,1136,1136,1.0,0.0,0,pending_review,
penal_code_en_collection_2024,Penal-Code I.pdf,en,178,embedded_text,940,940,1.0,0.0,0,pending_review,
penal_code_en_collection_2024,Penal-Code I.pdf,en,179,embedded_text,1133,1133,1.0,0.0,0,pending_review,
penal_code_en_collection_2024,Penal-Code I.pdf,en,180,embedded_text,1061,1061,1.0,0.0,0,pending_review,
penal_code_en_collection_2024,Penal-Code I.pdf,en,181,embedded_text,1041,1041,1.0,0.0,0,pending_review,
penal_code_en_collection_2024,Penal-Code I.pdf,en,182,embedded_text,1064,1064,1.0,0.0,0,pending_review,
penal_code_en_collection_2024,Penal-Code I.pdf,en,183,embedded_text,1142,1142,1.0,0.0,0,pending_review,
penal_code_en_collection_2024,Penal-Code I.pdf,en,184,embedded_text,240,240,1.0,0.0,0,pending_review,
penal_code_en_collection_2024,Penal-Code I.pdf,en,185,embedded_text,423,423,1.0,0.0,0,pending_review,
penal_code_en_collection_2024,Penal-Code I.pdf,en,186,embedded_text,1003,1003,1.0,0.0,0,pending_review,
penal_code_en_collection_2024,Penal-Code I.pdf,en,187,embedded_text,176,176,1.0,0.0,0,pending_review,
penal_code_en_collection_2024,Penal-Code I.pdf,en,188,embedded_text,431,431,1.0,0.0,0,pending_review,
penal_code_en_collection_2024,Penal-Code I.pdf,en,189,embedded_text,1311,1311,1.0,0.0,0,pending_review,
penal_code_en_collection_2024,Penal-Code I.pdf,en,190,embedded_text,1490,1490,1.0,0.0,0,pending_review,
penal_code_en_collection_2024,Penal-Code I.pdf,en,191,embedded_text,1272,1272,1.0,0.0,0,pending_review,
penal_code_en_collection_2024,Penal-Code I.pdf,en,192,embedded_text,1240,1240,1.0,0.0,0,pending_review,
penal_code_en_collection_2024,Penal-Code I.pdf,en,193,embedded_text,1420,1420,1.0,0.0,0,pending_review,
penal_code_en_collection_2024,Penal-Code I.pdf,en,194,embedded_text,1639,1639,1.0,0.0,0,pending_review,
penal_code_en_collection_2024,Penal-Code I.pdf,en,195,embedded_text,848,848,1.0,0.0,0,pending_review,
penal_code_en_collection_2024,Penal-Code I.pdf,en,196,embedded_text,175,175,1.0,0.0,0,pending_review,
penal_code_en_collection_2024,Penal-Code I.pdf,en,197,embedded_text,431,431,1.0,0.0,0,pending_review,
penal_code_en_collection_2024,Penal-Code I.pdf,en,198,embedded_text,1001,1001,1.0,0.0,0,pending_review,
penal_code_en_collection_2024,Penal-Code I.pdf,en,199,embedded_text,176,176,1.0,0.0,0,pending_review,
constitution_si_2023_consolidated,constitution-si.pdf,si,1,embedded_text,200,159,1.0,0.0,2,pending_review,repeated_boundary_line_removed
constitution_si_2023_consolidated,constitution-si.pdf,si,2,embedded_text,41,0,0.0,0.0,2,rejected,repeated_boundary_line_removed
constitution_si_2023_consolidated,constitution-si.pdf,si,3,embedded_text,234,193,1.0,0.0,2,pending_review,repeated_boundary_line_removed
constitution_si_2023_consolidated,constitution-si.pdf,si,4,embedded_text,46,46,1.0,0.0,0,pending_review,
constitution_si_2023_consolidated,constitution-si.pdf,si,5,embedded_text,284,284,1.0,0.0,0,pending_review,
constitution_si_2023_consolidated,constitution-si.pdf,si,6,none,0,0,0.0,0.0,0,rejected,insufficient_embedded_text|ocr_cache_used|ocr_insufficient_embedded_text
constitution_si_2023_consolidated,constitution-si.pdf,si,7,embedded_text,727,686,0.978979,0.0,2,pending_review,repeated_boundary_line_removed
constitution_si_2023_consolidated,constitution-si.pdf,si,8,embedded_text,662,621,0.977049,0.0,2,pending_review,repeated_boundary_line_removed
constitution_si_2023_consolidated,constitution-si.pdf,si,9,embedded_text,958,917,0.981891,0.0,2,pending_review,repeated_boundary_line_removed
constitution_si_2023_consolidated,constitution-si.pdf,si,10,embedded_text,890,849,0.979839,0.0,2,pending_review,repeated_boundary_line_removed
constitution_si_2023_consolidated,constitution-si.pdf,si,11,embedded_text,781,740,0.984424,0.0,2,pending_review,repeated_boundary_line_removed
constitution_si_2023_consolidated,constitution-si.pdf,si,12,embedded_text,700,659,0.978552,0.0,2,pending_review,repeated_boundary_line_removed
constitution_si_2023_consolidated,constitution-si.pdf,si,13,embedded_text,856,815,0.989011,0.0,2,pending_review,repeated_boundary_line_removed
constitution_si_2023_consolidated,constitution-si.pdf,si,14,embedded_text,894,853,0.981308,0.0,2,pending_review,repeated_boundary_line_removed
constitution_si_2023_consolidated,constitution-si.pdf,si,15,embedded_text,824,783,0.977995,0.0,2,pending_review,repeated_boundary_line_removed
constitution_si_2023_consolidated,constitution-si.pdf,si,16,embedded_text,1205,1164,0.994932,0.0,2,pending_review,repeated_boundary_line_removed
constitution_si_2023_consolidated,constitution-si.pdf,si,17,embedded_text,1005,964,0.97669,0.0,2,pending_review,repeated_boundary_line_removed
constitution_si_2023_consolidated,constitution-si.pdf,si,18,embedded_text,851,810,0.966581,0.0,2,pending_review,repeated_boundary_line_removed
constitution_si_2023_consolidated,constitution-si.pdf,si,19,embedded_text,723,682,0.963483,0.0,2,pending_review,repeated_boundary_line_removed
constitution_si_2023_consolidated,constitution-si.pdf,si,20,embedded_text,799,758,0.964736,0.0,2,pending_review,repeated_boundary_line_removed
constitution_si_2023_consolidated,constitution-si.pdf,si,21,embedded_text,602,561,0.919732,0.0,2,pending_review,repeated_boundary_line_removed
constitution_si_2023_consolidated,constitution-si.pdf,si,22,none,0,0,0.0,0.0,0,rejected,insufficient_embedded_text|ocr_cache_used|ocr_insufficient_embedded_text
constitution_si_2023_consolidated,constitution-si.pdf,si,23,embedded_text,1118,1062,0.996047,0.0,3,pending_review,repeated_boundary_line_removed
constitution_si_2023_consolidated,constitution-si.pdf,si,24,none,0,0,0.0,0.0,0,rejected,insufficient_embedded_text|ocr_cache_used|ocr_insufficient_embedded_text
constitution_si_2023_consolidated,constitution-si.pdf,si,25,embedded_text,1062,1021,0.998525,0.0,2,pending_review,repeated_boundary_line_removed
constitution_si_2023_consolidated,constitution-si.pdf,si,26,embedded_text,832,791,1.0,0.0,2,pending_review,repeated_boundary_line_removed
constitution_si_2023_consolidated,constitution-si.pdf,si,27,embedded_text,247,206,0.985714,0.0,2,pending_review,repeated_boundary_line_removed
constitution_si_2023_consolidated,constitution-si.pdf,si,28,embedded_text,1254,1213,0.99642,0.0,2,pending_review,repeated_boundary_line_removed
constitution_si_2023_consolidated,constitution-si.pdf,si,29,embedded_text,1380,1339,1.0,0.0,2,pending_review,repeated_boundary_line_removed
constitution_si_2023_consolidated,constitution-si.pdf,si,30,embedded_text,1044,1003,1.0,0.0,2,pending_review,repeated_boundary_line_removed
constitution_si_2023_consolidated,constitution-si.pdf,si,31,embedded_text,955,914,1.0,0.0,2,pending_review,repeated_boundary_line_removed
constitution_si_2023_consolidated,constitution-si.pdf,si,32,embedded_text,1371,1330,1.0,0.0,2,pending_review,repeated_boundary_line_removed
constitution_si_2023_consolidated,constitution-si.pdf,si,33,embedded_text,1295,1254,1.0,0.0,2,pending_review,repeated_boundary_line_removed
constitution_si_2023_consolidated,constitution-si.pdf,si,34,embedded_text,1005,964,1.0,0.0,2,pending_review,repeated_boundary_line_removed
constitution_si_2023_consolidated,constitution-si.pdf,si,35,embedded_text,1183,1142,0.997484,0.0,2,pending_review,repeated_boundary_line_removed
constitution_si_2023_consolidated,constitution-si.pdf,si,36,embedded_text,1225,1184,1.0,0.0,2,pending_review,repeated_boundary_line_removed
constitution_si_2023_consolidated,constitution-si.pdf,si,37,embedded_text,1321,1280,1.0,0.0,2,pending_review,repeated_boundary_line_removed
constitution_si_2023_consolidated,constitution-si.pdf,si,38,embedded_text,1270,1229,1.0,0.0,2,pending_review,repeated_boundary_line_removed
constitution_si_2023_consolidated,constitution-si.pdf,si,39,embedded_text,1292,1251,1.0,0.0,2,pending_review,repeated_boundary_line_removed
constitution_si_2023_consolidated,constitution-si.pdf,si,40,embedded_text,1450,1409,1.0,0.0,2,pending_review,repeated_boundary_line_removed
constitution_si_2023_consolidated,constitution-si.pdf,si,41,embedded_text,513,472,1.0,0.0,2,pending_review,repeated_boundary_line_removed
constitution_si_2023_consolidated,constitution-si.pdf,si,42,embedded_text,1020,979,0.998408,0.0,2,pending_review,repeated_boundary_line_removed
constitution_si_2023_consolidated,constitution-si.pdf,si,43,embedded_text,1055,1014,0.997019,0.0,2,pending_review,repeated_boundary_line_removed
constitution_si_2023_consolidated,constitution-si.pdf,si,44,embedded_text,1063,1022,1.0,0.0,2,pending_review,repeated_boundary_line_removed
constitution_si_2023_consolidated,constitution-si.pdf,si,45,embedded_text,1061,1020,1.0,0.0,2,pending_review,repeated_boundary_line_removed
constitution_si_2023_consolidated,constitution-si.pdf,si,46,embedded_text,327,286,1.0,0.0,2,pending_review,repeated_boundary_line_removed
constitution_si_2023_consolidated,constitution-si.pdf,si,47,embedded_text,1141,1100,0.994528,0.0,2,pending_review,repeated_boundary_line_removed
constitution_si_2023_consolidated,constitution-si.pdf,si,48,embedded_text,1143,1102,0.986613,0.0,2,pending_review,repeated_boundary_line_removed
constitution_si_2023_consolidated,constitution-si.pdf,si,49,embedded_text,1328,1287,0.992018,0.0,2,pending_review,repeated_boundary_line_removed
constitution_si_2023_consolidated,constitution-si.pdf,si,50,embedded_text,1261,1220,1.0,0.0,2,pending_review,repeated_boundary_line_removed
constitution_si_2023_consolidated,constitution-si.pdf,si,51,embedded_text,1078,1037,1.0,0.0,2,pending_review,repeated_boundary_line_removed
constitution_si_2023_consolidated,constitution-si.pdf,si,52,embedded_text,1200,1159,1.0,0.0,2,pending_review,repeated_boundary_line_removed
constitution_si_2023_consolidated,constitution-si.pdf,si,53,embedded_text,1116,1075,1.0,0.0,2,pending_review,repeated_boundary_line_removed
constitution_si_2023_consolidated,constitution-si.pdf,si,54,embedded_text,1104,1063,1.0,0.0,2,pending_review,repeated_boundary_line_removed
constitution_si_2023_consolidated,constitution-si.pdf,si,55,embedded_text,1358,1317,1.0,0.0,2,pending_review,repeated_boundary_line_removed
constitution_si_2023_consolidated,constitution-si.pdf,si,56,embedded_text,1353,1312,1.0,0.0,2,pending_review,repeated_boundary_line_removed
constitution_si_2023_consolidated,constitution-si.pdf,si,57,embedded_text,1309,1268,1.0,0.0,2,pending_review,repeated_boundary_line_removed
constitution_si_2023_consolidated,constitution-si.pdf,si,58,embedded_text,1031,990,0.986627,0.0,2,pending_review,repeated_boundary_line_removed
constitution_si_2023_consolidated,constitution-si.pdf,si,59,embedded_text,1210,1169,0.996139,0.0,2,pending_review,repeated_boundary_line_removed
constitution_si_2023_consolidated,constitution-si.pdf,si,60,embedded_text,1399,1358,1.0,0.0,2,pending_review,repeated_boundary_line_removed
constitution_si_2023_consolidated,constitution-si.pdf,si,61,embedded_text,1287,1246,1.0,0.0,2,pending_review,repeated_boundary_line_removed
constitution_si_2023_consolidated,constitution-si.pdf,si,62,embedded_text,1334,1293,1.0,0.0,2,pending_review,repeated_boundary_line_removed
constitution_si_2023_consolidated,constitution-si.pdf,si,63,embedded_text,519,478,1.0,0.0,2,pending_review,repeated_boundary_line_removed
constitution_si_2023_consolidated,constitution-si.pdf,si,64,embedded_text,925,884,0.979381,0.0,2,pending_review,repeated_boundary_line_removed
constitution_si_2023_consolidated,constitution-si.pdf,si,65,embedded_text,1335,1294,1.0,0.0,2,pending_review,repeated_boundary_line_removed
constitution_si_2023_consolidated,constitution-si.pdf,si,66,embedded_text,1431,1390,1.0,0.0,2,pending_review,repeated_boundary_line_removed
constitution_si_2023_consolidated,constitution-si.pdf,si,67,embedded_text,1229,1188,1.0,0.0,2,pending_review,repeated_boundary_line_removed
constitution_si_2023_consolidated,constitution-si.pdf,si,68,embedded_text,927,886,1.0,0.0,2,pending_review,repeated_boundary_line_removed
constitution_si_2023_consolidated,constitution-si.pdf,si,69,embedded_text,788,747,0.994094,0.0,2,pending_review,repeated_boundary_line_removed
constitution_si_2023_consolidated,constitution-si.pdf,si,70,embedded_text,1310,1269,1.0,0.0,2,pending_review,repeated_boundary_line_removed
constitution_si_2023_consolidated,constitution-si.pdf,si,71,embedded_text,1290,1249,1.0,0.0,2,pending_review,repeated_boundary_line_removed
constitution_si_2023_consolidated,constitution-si.pdf,si,72,embedded_text,1083,1042,0.988858,0.0,2,pending_review,repeated_boundary_line_removed
constitution_si_2023_consolidated,constitution-si.pdf,si,73,embedded_text,1466,1425,1.0,0.0,2,pending_review,repeated_boundary_line_removed
constitution_si_2023_consolidated,constitution-si.pdf,si,74,embedded_text,1423,1382,1.0,0.0,2,pending_review,repeated_boundary_line_removed
constitution_si_2023_consolidated,constitution-si.pdf,si,75,embedded_text,984,943,1.0,0.0,2,pending_review,repeated_boundary_line_removed
constitution_si_2023_consolidated,constitution-si.pdf,si,76,embedded_text,1545,1504,1.0,0.0,2,pending_review,repeated_boundary_line_removed
constitution_si_2023_consolidated,constitution-si.pdf,si,77,embedded_text,1495,1454,1.0,0.0,2,pending_review,repeated_boundary_line_removed
constitution_si_2023_consolidated,constitution-si.pdf,si,78,embedded_text,1024,983,1.0,0.0,2,pending_review,repeated_boundary_line_removed
constitution_si_2023_consolidated,constitution-si.pdf,si,79,embedded_text,1353,1312,0.995694,0.0,2,pending_review,repeated_boundary_line_removed
constitution_si_2023_consolidated,constitution-si.pdf,si,80,embedded_text,1400,1359,1.0,0.0,2,pending_review,repeated_boundary_line_removed
constitution_si_2023_consolidated,constitution-si.pdf,si,81,embedded_text,1164,1123,0.997183,0.0,2,pending_review,repeated_boundary_line_removed
constitution_si_2023_consolidated,constitution-si.pdf,si,82,embedded_text,1440,1399,1.0,0.0,2,pending_review,repeated_boundary_line_removed
constitution_si_2023_consolidated,constitution-si.pdf,si,83,embedded_text,1383,1342,1.0,0.0,2,pending_review,repeated_boundary_line_removed
constitution_si_2023_consolidated,constitution-si.pdf,si,84,embedded_text,1586,1545,1.0,0.0,2,pending_review,repeated_boundary_line_removed
constitution_si_2023_consolidated,constitution-si.pdf,si,85,embedded_text,687,646,1.0,0.0,2,pending_review,repeated_boundary_line_removed
constitution_si_2023_consolidated,constitution-si.pdf,si,86,embedded_text,1084,1043,0.99851,0.0,2,pending_review,repeated_boundary_line_removed
constitution_si_2023_consolidated,constitution-si.pdf,si,87,embedded_text,1264,1223,1.0,0.0,2,pending_review,repeated_boundary_line_removed
constitution_si_2023_consolidated,constitution-si.pdf,si,88,embedded_text,1130,1089,1.0,0.0,2,pending_review,repeated_boundary_line_removed
constitution_si_2023_consolidated,constitution-si.pdf,si,89,embedded_text,1383,1342,1.0,0.0,2,pending_review,repeated_boundary_line_removed
constitution_si_2023_consolidated,constitution-si.pdf,si,90,embedded_text,960,919,0.991511,0.0,2,pending_review,repeated_boundary_line_removed
constitution_si_2023_consolidated,constitution-si.pdf,si,91,embedded_text,989,948,0.986278,0.0,2,pending_review,repeated_boundary_line_removed
constitution_si_2023_consolidated,constitution-si.pdf,si,92,embedded_text,1269,1228,1.0,0.0,2,pending_review,repeated_boundary_line_removed
constitution_si_2023_consolidated,constitution-si.pdf,si,93,embedded_text,1146,1105,0.995822,0.0,2,pending_review,repeated_boundary_line_removed
constitution_si_2023_consolidated,constitution-si.pdf,si,94,embedded_text,1123,1082,1.0,0.0,2,pending_review,repeated_boundary_line_removed
constitution_si_2023_consolidated,constitution-si.pdf,si,95,embedded_text,1393,1352,1.0,0.0,2,pending_review,repeated_boundary_line_removed
constitution_si_2023_consolidated,constitution-si.pdf,si,96,embedded_text,1205,1164,1.0,0.0,2,pending_review,repeated_boundary_line_removed
constitution_si_2023_consolidated,constitution-si.pdf,si,97,embedded_text,1068,1027,1.0,0.0,2,pending_review,repeated_boundary_line_removed
constitution_si_2023_consolidated,constitution-si.pdf,si,98,embedded_text,1286,1245,1.0,0.0,2,pending_review,repeated_boundary_line_removed
constitution_si_2023_consolidated,constitution-si.pdf,si,99,embedded_text,694,653,1.0,0.0,2,pending_review,repeated_boundary_line_removed
constitution_si_2023_consolidated,constitution-si.pdf,si,100,embedded_text,1313,1272,0.996433,0.0,2,pending_review,repeated_boundary_line_removed
constitution_si_2023_consolidated,constitution-si.pdf,si,101,embedded_text,1330,1289,1.0,0.0,2,pending_review,repeated_boundary_line_removed
constitution_si_2023_consolidated,constitution-si.pdf,si,102,embedded_text,1121,1080,1.0,0.0,2,pending_review,repeated_boundary_line_removed
constitution_si_2023_consolidated,constitution-si.pdf,si,103,embedded_text,1307,1266,0.995255,0.0,2,pending_review,repeated_boundary_line_removed
constitution_si_2023_consolidated,constitution-si.pdf,si,104,embedded_text,708,667,1.0,0.0,2,pending_review,repeated_boundary_line_removed
constitution_si_2023_consolidated,constitution-si.pdf,si,105,embedded_text,1225,1184,0.996042,0.0,2,pending_review,repeated_boundary_line_removed
constitution_si_2023_consolidated,constitution-si.pdf,si,106,embedded_text,1399,1358,0.993266,0.0,2,pending_review,repeated_boundary_line_removed
constitution_si_2023_consolidated,constitution-si.pdf,si,107,embedded_text,1379,1338,0.994337,0.0,2,pending_review,repeated_boundary_line_removed
constitution_si_2023_consolidated,constitution-si.pdf,si,108,embedded_text,1434,1393,0.995633,0.0,2,pending_review,repeated_boundary_line_removed
constitution_si_2023_consolidated,constitution-si.pdf,si,109,embedded_text,1330,1289,0.99763,0.0,2,pending_review,repeated_boundary_line_removed
constitution_si_2023_consolidated,constitution-si.pdf,si,110,embedded_text,1189,1148,0.988189,0.0,2,pending_review,repeated_boundary_line_removed
constitution_si_2023_consolidated,constitution-si.pdf,si,111,embedded_text,1166,1125,0.96733,0.0,2,pending_review,repeated_boundary_line_removed
constitution_si_2023_consolidated,constitution-si.pdf,si,112,embedded_text,1240,1199,0.981959,0.0,2,pending_review,repeated_boundary_line_removed
constitution_si_2023_consolidated,constitution-si.pdf,si,113,embedded_text,1326,1285,0.995031,0.0,2,pending_review,repeated_boundary_line_removed
constitution_si_2023_consolidated,constitution-si.pdf,si,114,embedded_text,1050,1009,1.0,0.0,2,pending_review,repeated_boundary_line_removed
constitution_si_2023_consolidated,constitution-si.pdf,si,115,embedded_text,1143,1102,1.0,0.0,2,pending_review,repeated_boundary_line_removed
constitution_si_2023_consolidated,constitution-si.pdf,si,116,embedded_text,1365,1324,1.0,0.0,2,pending_review,repeated_boundary_line_removed
constitution_si_2023_consolidated,constitution-si.pdf,si,117,embedded_text,1392,1351,1.0,0.0,2,pending_review,repeated_boundary_line_removed
constitution_si_2023_consolidated,constitution-si.pdf,si,118,embedded_text,1312,1271,1.0,0.0,2,pending_review,repeated_boundary_line_removed
constitution_si_2023_consolidated,constitution-si.pdf,si,119,embedded_text,1333,1292,1.0,0.0,2,pending_review,repeated_boundary_line_removed
constitution_si_2023_consolidated,constitution-si.pdf,si,120,embedded_text,1351,1310,1.0,0.0,2,pending_review,repeated_boundary_line_removed
constitution_si_2023_consolidated,constitution-si.pdf,si,121,embedded_text,1491,1450,1.0,0.0,2,pending_review,repeated_boundary_line_removed
constitution_si_2023_consolidated,constitution-si.pdf,si,122,embedded_text,1433,1392,1.0,0.0,2,pending_review,repeated_boundary_line_removed
constitution_si_2023_consolidated,constitution-si.pdf,si,123,embedded_text,1497,1456,1.0,0.0,2,pending_review,repeated_boundary_line_removed
constitution_si_2023_consolidated,constitution-si.pdf,si,124,embedded_text,1485,1444,1.0,0.0,2,pending_review,repeated_boundary_line_removed
constitution_si_2023_consolidated,constitution-si.pdf,si,125,embedded_text,1272,1231,1.0,0.0,2,pending_review,repeated_boundary_line_removed
constitution_si_2023_consolidated,constitution-si.pdf,si,126,embedded_text,1255,1214,1.0,0.0,2,pending_review,repeated_boundary_line_removed
constitution_si_2023_consolidated,constitution-si.pdf,si,127,embedded_text,1384,1343,0.993251,0.0,2,pending_review,repeated_boundary_line_removed
constitution_si_2023_consolidated,constitution-si.pdf,si,128,embedded_text,1324,1283,0.99759,0.0,2,pending_review,repeated_boundary_line_removed
constitution_si_2023_consolidated,constitution-si.pdf,si,129,embedded_text,1371,1330,1.0,0.0,2,pending_review,repeated_boundary_line_removed
constitution_si_2023_consolidated,constitution-si.pdf,si,130,embedded_text,1277,1236,0.996296,0.0,2,pending_review,repeated_boundary_line_removed
constitution_si_2023_consolidated,constitution-si.pdf,si,131,embedded_text,1280,1239,1.0,0.0,2,pending_review,repeated_boundary_line_removed
constitution_si_2023_consolidated,constitution-si.pdf,si,132,embedded_text,1292,1251,0.992849,0.0,2,pending_review,repeated_boundary_line_removed
constitution_si_2023_consolidated,constitution-si.pdf,si,133,embedded_text,1445,1404,1.0,0.0,2,pending_review,repeated_boundary_line_removed
constitution_si_2023_consolidated,constitution-si.pdf,si,134,embedded_text,1175,1134,1.0,0.0,2,pending_review,repeated_boundary_line_removed
constitution_si_2023_consolidated,constitution-si.pdf,si,135,embedded_text,1321,1280,1.0,0.0,2,pending_review,repeated_boundary_line_removed
constitution_si_2023_consolidated,constitution-si.pdf,si,136,embedded_text,935,894,1.0,0.0,2,pending_review,repeated_boundary_line_removed
constitution_si_2023_consolidated,constitution-si.pdf,si,137,embedded_text,1173,1132,0.997429,0.0,2,pending_review,repeated_boundary_line_removed
constitution_si_2023_consolidated,constitution-si.pdf,si,138,embedded_text,1283,1242,0.996437,0.0,2,pending_review,repeated_boundary_line_removed
constitution_si_2023_consolidated,constitution-si.pdf,si,139,embedded_text,1242,1201,1.0,0.0,2,pending_review,repeated_boundary_line_removed
constitution_si_2023_consolidated,constitution-si.pdf,si,140,embedded_text,1449,1408,1.0,0.0,2,pending_review,repeated_boundary_line_removed
constitution_si_2023_consolidated,constitution-si.pdf,si,141,embedded_text,1514,1473,1.0,0.0,2,pending_review,repeated_boundary_line_removed
constitution_si_2023_consolidated,constitution-si.pdf,si,142,embedded_text,1488,1447,1.0,0.0,2,pending_review,repeated_boundary_line_removed
constitution_si_2023_consolidated,constitution-si.pdf,si,143,embedded_text,1665,1624,1.0,0.0,2,pending_review,repeated_boundary_line_removed
constitution_si_2023_consolidated,constitution-si.pdf,si,144,embedded_text,1519,1478,0.995872,0.0,2,pending_review,repeated_boundary_line_removed
constitution_si_2023_consolidated,constitution-si.pdf,si,145,embedded_text,1285,1244,1.0,0.0,2,pending_review,repeated_boundary_line_removed
constitution_si_2023_consolidated,constitution-si.pdf,si,146,embedded_text,1188,1147,1.0,0.0,2,pending_review,repeated_boundary_line_removed
constitution_si_2023_consolidated,constitution-si.pdf,si,147,embedded_text,1345,1304,1.0,0.0,2,pending_review,repeated_boundary_line_removed
constitution_si_2023_consolidated,constitution-si.pdf,si,148,embedded_text,1097,1056,1.0,0.0,2,pending_review,repeated_boundary_line_removed
constitution_si_2023_consolidated,constitution-si.pdf,si,149,embedded_text,987,946,0.995342,0.0,2,pending_review,repeated_boundary_line_removed
constitution_si_2023_consolidated,constitution-si.pdf,si,150,embedded_text,1316,1275,1.0,0.0,2,pending_review,repeated_boundary_line_removed
constitution_si_2023_consolidated,constitution-si.pdf,si,151,embedded_text,1502,1461,1.0,0.0,2,pending_review,repeated_boundary_line_removed
constitution_si_2023_consolidated,constitution-si.pdf,si,152,embedded_text,1334,1293,1.0,0.0,2,pending_review,repeated_boundary_line_removed
constitution_si_2023_consolidated,constitution-si.pdf,si,153,embedded_text,1284,1243,1.0,0.0,2,pending_review,repeated_boundary_line_removed
constitution_si_2023_consolidated,constitution-si.pdf,si,154,embedded_text,1522,1481,0.995059,0.0,2,pending_review,repeated_boundary_line_removed
constitution_si_2023_consolidated,constitution-si.pdf,si,155,embedded_text,1371,1330,0.994606,0.0,2,pending_review,repeated_boundary_line_removed
constitution_si_2023_consolidated,constitution-si.pdf,si,156,embedded_text,1396,1355,1.0,0.0,2,pending_review,repeated_boundary_line_removed
constitution_si_2023_consolidated,constitution-si.pdf,si,157,embedded_text,1400,1359,1.0,0.0,2,pending_review,repeated_boundary_line_removed
constitution_si_2023_consolidated,constitution-si.pdf,si,158,embedded_text,1412,1371,1.0,0.0,2,pending_review,repeated_boundary_line_removed
constitution_si_2023_consolidated,constitution-si.pdf,si,159,embedded_text,1133,1092,0.992188,0.0,2,pending_review,repeated_boundary_line_removed
constitution_si_2023_consolidated,constitution-si.pdf,si,160,embedded_text,1296,1255,1.0,0.0,2,pending_review,repeated_boundary_line_removed
constitution_si_2023_consolidated,constitution-si.pdf,si,161,embedded_text,1185,1144,1.0,0.0,2,pending_review,repeated_boundary_line_removed
constitution_si_2023_consolidated,constitution-si.pdf,si,162,embedded_text,1063,1022,1.0,0.0,2,pending_review,repeated_boundary_line_removed
constitution_si_2023_consolidated,constitution-si.pdf,si,163,embedded_text,1317,1276,1.0,0.0,2,pending_review,repeated_boundary_line_removed
constitution_si_2023_consolidated,constitution-si.pdf,si,164,embedded_text,1321,1280,1.0,0.0,2,pending_review,repeated_boundary_line_removed
constitution_si_2023_consolidated,constitution-si.pdf,si,165,embedded_text,1358,1317,0.998936,0.0,2,pending_review,repeated_boundary_line_removed
constitution_si_2023_consolidated,constitution-si.pdf,si,166,embedded_text,1278,1237,0.997616,0.0,2,pending_review,repeated_boundary_line_removed
constitution_si_2023_consolidated,constitution-si.pdf,si,167,embedded_text,1173,1132,0.992453,0.0,2,pending_review,repeated_boundary_line_removed
constitution_si_2023_consolidated,constitution-si.pdf,si,168,embedded_text,457,416,1.0,0.0,2,pending_review,repeated_boundary_line_removed
constitution_si_2023_consolidated,constitution-si.pdf,si,169,embedded_text,1230,1189,0.994764,0.0,2,pending_review,repeated_boundary_line_removed
constitution_si_2023_consolidated,constitution-si.pdf,si,170,embedded_text,1381,1340,1.0,0.0,2,pending_review,repeated_boundary_line_removed
constitution_si_2023_consolidated,constitution-si.pdf,si,171,embedded_text,1299,1258,1.0,0.0,2,pending_review,repeated_boundary_line_removed
constitution_si_2023_consolidated,constitution-si.pdf,si,172,embedded_text,990,949,0.995313,0.0,2,pending_review,repeated_boundary_line_removed
constitution_si_2023_consolidated,constitution-si.pdf,si,173,embedded_text,1104,1063,1.0,0.0,2,pending_review,repeated_boundary_line_removed
constitution_si_2023_consolidated,constitution-si.pdf,si,174,embedded_text,1528,1487,1.0,0.0,2,pending_review,repeated_boundary_line_removed
constitution_si_2023_consolidated,constitution-si.pdf,si,175,embedded_text,1924,1883,1.0,0.0,2,pending_review,repeated_boundary_line_removed
constitution_si_2023_consolidated,constitution-si.pdf,si,176,embedded_text,1283,1242,0.989222,0.0,2,pending_review,repeated_boundary_line_removed
constitution_si_2023_consolidated,constitution-si.pdf,si,177,embedded_text,985,944,1.0,0.0,2,pending_review,repeated_boundary_line_removed
constitution_si_2023_consolidated,constitution-si.pdf,si,178,embedded_text,1230,1189,0.993773,0.0,2,pending_review,repeated_boundary_line_removed
constitution_si_2023_consolidated,constitution-si.pdf,si,179,embedded_text,1180,1139,0.993455,0.0,2,pending_review,repeated_boundary_line_removed
constitution_si_2023_consolidated,constitution-si.pdf,si,180,embedded_text,1188,1147,1.0,0.0,2,pending_review,repeated_boundary_line_removed
constitution_si_2023_consolidated,constitution-si.pdf,si,181,embedded_text,1244,1203,1.0,0.0,2,pending_review,repeated_boundary_line_removed
constitution_si_2023_consolidated,constitution-si.pdf,si,182,embedded_text,1309,1268,1.0,0.0,2,pending_review,repeated_boundary_line_removed
constitution_si_2023_consolidated,constitution-si.pdf,si,183,embedded_text,1175,1134,0.998724,0.0,2,pending_review,repeated_boundary_line_removed
constitution_si_2023_consolidated,constitution-si.pdf,si,184,embedded_text,1174,1133,1.0,0.0,2,pending_review,repeated_boundary_line_removed
constitution_si_2023_consolidated,constitution-si.pdf,si,185,embedded_text,1195,1154,0.993565,0.0,2,pending_review,repeated_boundary_line_removed
constitution_si_2023_consolidated,constitution-si.pdf,si,186,embedded_text,1287,1246,1.0,0.0,2,pending_review,repeated_boundary_line_removed
constitution_si_2023_consolidated,constitution-si.pdf,si,187,embedded_text,1432,1391,1.0,0.0,2,pending_review,repeated_boundary_line_removed
constitution_si_2023_consolidated,constitution-si.pdf,si,188,embedded_text,1314,1273,1.0,0.0,2,pending_review,repeated_boundary_line_removed
constitution_si_2023_consolidated,constitution-si.pdf,si,189,embedded_text,1227,1186,1.0,0.0,2,pending_review,repeated_boundary_line_removed
constitution_si_2023_consolidated,constitution-si.pdf,si,190,embedded_text,1467,1426,1.0,0.0,2,pending_review,repeated_boundary_line_removed
constitution_si_2023_consolidated,constitution-si.pdf,si,191,embedded_text,1121,1080,1.0,0.0,2,pending_review,repeated_boundary_line_removed
constitution_si_2023_consolidated,constitution-si.pdf,si,192,embedded_text,1117,1076,1.0,0.0,2,pending_review,repeated_boundary_line_removed
constitution_si_2023_consolidated,constitution-si.pdf,si,193,embedded_text,992,951,0.99529,0.0,2,pending_review,repeated_boundary_line_removed
constitution_si_2023_consolidated,constitution-si.pdf,si,194,embedded_text,1111,1070,1.0,0.0,2,pending_review,repeated_boundary_line_removed
constitution_si_2023_consolidated,constitution-si.pdf,si,195,embedded_text,1140,1099,1.0,0.0,2,pending_review,repeated_boundary_line_removed
constitution_si_2023_consolidated,constitution-si.pdf,si,196,embedded_text,655,614,1.0,0.0,2,pending_review,repeated_boundary_line_removed
constitution_si_2023_consolidated,constitution-si.pdf,si,197,embedded_text,1178,1137,0.991968,0.0,2,pending_review,repeated_boundary_line_removed
constitution_si_2023_consolidated,constitution-si.pdf,si,198,embedded_text,1220,1179,0.994839,0.0,2,pending_review,repeated_boundary_line_removed
constitution_si_2023_consolidated,constitution-si.pdf,si,199,embedded_text,1424,1383,0.99656,0.0,2,pending_review,repeated_boundary_line_removed
constitution_si_2023_consolidated,constitution-si.pdf,si,200,embedded_text,1587,1546,0.990272,0.0,2,pending_review,repeated_boundary_line_removed
constitution_si_2023_consolidated,constitution-si.pdf,si,201,embedded_text,1349,1308,0.997696,0.0,2,pending_review,repeated_boundary_line_removed
constitution_si_2023_consolidated,constitution-si.pdf,si,202,embedded_text,1483,1442,1.0,0.0,2,pending_review,repeated_boundary_line_removed
constitution_si_2023_consolidated,constitution-si.pdf,si,203,embedded_text,1475,1434,0.995763,0.0,2,pending_review,repeated_boundary_line_removed
constitution_si_2023_consolidated,constitution-si.pdf,si,204,embedded_text,1113,1072,0.997114,0.0,2,pending_review,repeated_boundary_line_removed
constitution_si_2023_consolidated,constitution-si.pdf,si,205,embedded_text,1374,1333,1.0,0.0,2,pending_review,repeated_boundary_line_removed
constitution_si_2023_consolidated,constitution-si.pdf,si,206,embedded_text,1437,1396,1.0,0.0,2,pending_review,repeated_boundary_line_removed
constitution_si_2023_consolidated,constitution-si.pdf,si,207,embedded_text,1165,1124,0.995726,0.0,2,pending_review,repeated_boundary_line_removed
constitution_si_2023_consolidated,constitution-si.pdf,si,208,embedded_text,346,305,1.0,0.0,2,pending_review,repeated_boundary_line_removed
constitution_si_2023_consolidated,constitution-si.pdf,si,209,embedded_text,1024,983,0.985915,0.0,2,pending_review,repeated_boundary_line_removed
constitution_si_2023_consolidated,constitution-si.pdf,si,210,embedded_text,1345,1304,0.996548,0.0,2,pending_review,repeated_boundary_line_removed
constitution_si_2023_consolidated,constitution-si.pdf,si,211,embedded_text,1036,995,1.0,0.0,2,pending_review,repeated_boundary_line_removed
constitution_si_2023_consolidated,constitution-si.pdf,si,212,embedded_text,1083,1042,1.0,0.0,2,pending_review,repeated_boundary_line_removed
constitution_si_2023_consolidated,constitution-si.pdf,si,213,embedded_text,1194,1153,0.997249,0.0,2,pending_review,repeated_boundary_line_removed
constitution_si_2023_consolidated,constitution-si.pdf,si,214,embedded_text,595,554,1.0,0.0,2,pending_review,repeated_boundary_line_removed
constitution_si_2023_consolidated,constitution-si.pdf,si,215,embedded_text,1179,1138,0.997249,0.0,2,pending_review,repeated_boundary_line_removed
constitution_si_2023_consolidated,constitution-si.pdf,si,216,embedded_text,1205,1164,1.0,0.0,2,pending_review,repeated_boundary_line_removed
constitution_si_2023_consolidated,constitution-si.pdf,si,217,embedded_text,1222,1181,0.990232,0.0,2,pending_review,repeated_boundary_line_removed
constitution_si_2023_consolidated,constitution-si.pdf,si,218,embedded_text,1246,1205,1.0,0.0,2,pending_review,repeated_boundary_line_removed
constitution_si_2023_consolidated,constitution-si.pdf,si,219,embedded_text,1025,984,0.996825,0.0,2,pending_review,repeated_boundary_line_removed
constitution_si_2023_consolidated,constitution-si.pdf,si,220,embedded_text,454,413,1.0,0.0,2,pending_review,repeated_boundary_line_removed
constitution_si_2023_consolidated,constitution-si.pdf,si,221,embedded_text,1238,1197,0.995025,0.0,2,pending_review,repeated_boundary_line_removed
constitution_si_2023_consolidated,constitution-si.pdf,si,222,embedded_text,1226,1185,0.9877,0.0,2,pending_review,repeated_boundary_line_removed
constitution_si_2023_consolidated,constitution-si.pdf,si,223,embedded_text,1160,1119,1.0,0.0,2,pending_review,repeated_boundary_line_removed
constitution_si_2023_consolidated,constitution-si.pdf,si,224,embedded_text,1128,1087,0.997372,0.0,2,pending_review,repeated_boundary_line_removed
constitution_si_2023_consolidated,constitution-si.pdf,si,225,embedded_text,1514,1473,0.994024,0.0,2,pending_review,repeated_boundary_line_removed
constitution_si_2023_consolidated,constitution-si.pdf,si,226,embedded_text,1353,1312,0.988889,0.0,2,pending_review,repeated_boundary_line_removed
constitution_si_2023_consolidated,constitution-si.pdf,si,227,embedded_text,1337,1296,0.994069,0.0,2,pending_review,repeated_boundary_line_removed
constitution_si_2023_consolidated,constitution-si.pdf,si,228,embedded_text,1177,1136,1.0,0.0,2,pending_review,repeated_boundary_line_removed
constitution_si_2023_consolidated,constitution-si.pdf,si,229,embedded_text,1504,1463,1.0,0.0,2,pending_review,repeated_boundary_line_removed
constitution_si_2023_consolidated,constitution-si.pdf,si,230,embedded_text,1500,1459,1.0,0.0,2,pending_review,repeated_boundary_line_removed
constitution_si_2023_consolidated,constitution-si.pdf,si,231,embedded_text,1379,1338,1.0,0.0,2,pending_review,repeated_boundary_line_removed
constitution_si_2023_consolidated,constitution-si.pdf,si,232,embedded_text,1379,1338,1.0,0.0,2,pending_review,repeated_boundary_line_removed
constitution_si_2023_consolidated,constitution-si.pdf,si,233,embedded_text,1222,1181,0.998716,0.0,2,pending_review,repeated_boundary_line_removed
constitution_si_2023_consolidated,constitution-si.pdf,si,234,embedded_text,1254,1213,0.997576,0.0,2,pending_review,repeated_boundary_line_removed
constitution_si_2023_consolidated,constitution-si.pdf,si,235,embedded_text,1324,1283,1.0,0.0,2,pending_review,repeated_boundary_line_removed
constitution_si_2023_consolidated,constitution-si.pdf,si,236,embedded_text,1356,1315,0.99095,0.0,2,pending_review,repeated_boundary_line_removed
constitution_si_2023_consolidated,constitution-si.pdf,si,237,embedded_text,1278,1237,0.989362,0.0,2,pending_review,repeated_boundary_line_removed
constitution_si_2023_consolidated,constitution-si.pdf,si,238,embedded_text,660,619,1.0,0.0,2,pending_review,repeated_boundary_line_removed
constitution_si_2023_consolidated,constitution-si.pdf,si,239,embedded_text,1109,1068,0.994667,0.0,2,pending_review,repeated_boundary_line_removed
constitution_si_2023_consolidated,constitution-si.pdf,si,240,embedded_text,1213,1172,1.0,0.0,2,pending_review,repeated_boundary_line_removed
constitution_si_2023_consolidated,constitution-si.pdf,si,241,embedded_text,863,822,1.0,0.0,2,pending_review,repeated_boundary_line_removed
constitution_si_2023_consolidated,constitution-si.pdf,si,242,embedded_text,402,361,1.0,0.0,2,pending_review,repeated_boundary_line_removed
constitution_si_2023_consolidated,constitution-si.pdf,si,243,embedded_text,144,103,0.912281,0.0,2,pending_review,repeated_boundary_line_removed
constitution_si_2023_consolidated,constitution-si.pdf,si,244,embedded_text,342,301,0.947644,0.0,2,pending_review,repeated_boundary_line_removed
constitution_si_2023_consolidated,constitution-si.pdf,si,245,embedded_text,988,947,1.0,0.0,2,pending_review,repeated_boundary_line_removed
constitution_si_2023_consolidated,constitution-si.pdf,si,246,embedded_text,931,890,0.995114,0.0,2,pending_review,repeated_boundary_line_removed
constitution_si_2023_consolidated,constitution-si.pdf,si,247,embedded_text,963,922,0.993506,0.0,2,pending_review,repeated_boundary_line_removed
constitution_si_2023_consolidated,constitution-si.pdf,si,248,embedded_text,382,341,1.0,0.0,2,pending_review,repeated_boundary_line_removed
constitution_si_2023_consolidated,constitution-si.pdf,si,249,embedded_text,77,36,1.0,0.0,2,pending_review,repeated_boundary_line_removed
constitution_si_2023_consolidated,constitution-si.pdf,si,250,none,0,0,0.0,0.0,0,rejected,insufficient_embedded_text|ocr_cache_used|ocr_insufficient_embedded_text
constitution_si_2023_consolidated,constitution-si.pdf,si,251,embedded_text,89,48,1.0,0.0,2,pending_review,repeated_boundary_line_removed
constitution_si_2023_consolidated,constitution-si.pdf,si,252,none,0,0,0.0,0.0,0,rejected,insufficient_embedded_text|ocr_cache_used|ocr_insufficient_embedded_text
constitution_si_2023_consolidated,constitution-si.pdf,si,253,embedded_text,455,455,1.0,0.0,0,pending_review,
constitution_si_2023_consolidated,constitution-si.pdf,si,254,embedded_text,207,166,1.0,0.0,2,pending_review,repeated_boundary_line_removed
constitution_si_2023_consolidated,constitution-si.pdf,si,255,embedded_text,698,657,1.0,0.0,2,pending_review,repeated_boundary_line_removed
constitution_si_2023_consolidated,constitution-si.pdf,si,256,embedded_text,487,446,0.987069,0.0,2,pending_review,repeated_boundary_line_removed
constitution_si_2023_consolidated,constitution-si.pdf,si,257,embedded_text,212,171,1.0,0.0,2,pending_review,repeated_boundary_line_removed
constitution_si_2023_consolidated,constitution-si.pdf,si,258,embedded_text,1044,1003,0.99449,0.0,2,pending_review,repeated_boundary_line_removed
constitution_si_2023_consolidated,constitution-si.pdf,si,259,embedded_text,1108,1067,1.0,0.0,2,pending_review,repeated_boundary_line_removed
constitution_si_2023_consolidated,constitution-si.pdf,si,260,embedded_text,925,884,1.0,0.0,2,pending_review,repeated_boundary_line_removed
constitution_si_2023_consolidated,constitution-si.pdf,si,261,embedded_text,1103,1062,0.997203,0.0,2,pending_review,repeated_boundary_line_removed
constitution_si_2023_consolidated,constitution-si.pdf,si,262,embedded_text,1087,1046,1.0,0.0,2,pending_review,repeated_boundary_line_removed
constitution_si_2023_consolidated,constitution-si.pdf,si,263,embedded_text,932,891,1.0,0.0,2,pending_review,repeated_boundary_line_removed
constitution_si_2023_consolidated,constitution-si.pdf,si,264,embedded_text,611,570,1.0,0.0,2,pending_review,repeated_boundary_line_removed
constitution_si_2023_consolidated,constitution-si.pdf,si,265,embedded_text,1061,1020,0.998582,0.0,2,pending_review,repeated_boundary_line_removed
constitution_si_2023_consolidated,constitution-si.pdf,si,266,embedded_text,1306,1265,1.0,0.0,2,pending_review,repeated_boundary_line_removed
constitution_si_2023_consolidated,constitution-si.pdf,si,267,embedded_text,1570,1529,1.0,0.0,2,pending_review,repeated_boundary_line_removed
constitution_si_2023_consolidated,constitution-si.pdf,si,268,embedded_text,1537,1496,1.0,0.0,2,pending_review,repeated_boundary_line_removed
constitution_si_2023_consolidated,constitution-si.pdf,si,269,embedded_text,1426,1385,1.0,0.0,2,pending_review,repeated_boundary_line_removed
constitution_si_2023_consolidated,constitution-si.pdf,si,270,embedded_text,1088,1047,1.0,0.0,2,pending_review,repeated_boundary_line_removed
constitution_si_2023_consolidated,constitution-si.pdf,si,271,embedded_text,984,943,1.0,0.0,2,pending_review,repeated_boundary_line_removed
constitution_si_2023_consolidated,constitution-si.pdf,si,272,embedded_text,996,955,0.997054,0.0,2,pending_review,repeated_boundary_line_removed
constitution_si_2023_consolidated,constitution-si.pdf,si,273,embedded_text,1257,1216,1.0,0.0,2,pending_review,repeated_boundary_line_removed
constitution_si_2023_consolidated,constitution-si.pdf,si,274,embedded_text,741,700,1.0,0.0,2,pending_review,repeated_boundary_line_removed
constitution_si_2023_consolidated,constitution-si.pdf,si,275,embedded_text,1212,1171,0.996245,0.0,2,pending_review,repeated_boundary_line_removed
constitution_si_2023_consolidated,constitution-si.pdf,si,276,embedded_text,1017,976,1.0,0.0,2,pending_review,repeated_boundary_line_removed
constitution_si_2023_consolidated,constitution-si.pdf,si,277,embedded_text,310,269,0.994709,0.0,2,pending_review,repeated_boundary_line_removed
constitution_si_2023_consolidated,constitution-si.pdf,si,278,embedded_text,985,944,0.99537,0.0,2,pending_review,repeated_boundary_line_removed
constitution_si_2023_consolidated,constitution-si.pdf,si,279,embedded_text,945,904,1.0,0.0,2,pending_review,repeated_boundary_line_removed
constitution_si_2023_consolidated,constitution-si.pdf,si,280,embedded_text,841,800,1.0,0.0,2,pending_review,repeated_boundary_line_removed
constitution_si_2023_consolidated,constitution-si.pdf,si,281,embedded_text,881,840,0.99654,0.0,2,pending_review,repeated_boundary_line_removed
constitution_si_2023_consolidated,constitution-si.pdf,si,282,embedded_text,1241,1200,0.998758,0.0,2,pending_review,repeated_boundary_line_removed
constitution_si_2023_consolidated,constitution-si.pdf,si,283,embedded_text,940,899,1.0,0.0,2,pending_review,repeated_boundary_line_removed
constitution_si_2023_consolidated,constitution-si.pdf,si,284,embedded_text,1195,1154,0.987421,0.0,2,pending_review,repeated_boundary_line_removed
constitution_si_2023_consolidated,constitution-si.pdf,si,285,embedded_text,1275,1234,1.0,0.0,2,pending_review,repeated_boundary_line_removed
constitution_si_2023_consolidated,constitution-si.pdf,si,286,embedded_text,779,738,0.991786,0.0,2,pending_review,repeated_boundary_line_removed
constitution_si_2023_consolidated,constitution-si.pdf,si,287,embedded_text,828,787,1.0,0.0,2,pending_review,repeated_boundary_line_removed
constitution_si_2023_consolidated,constitution-si.pdf,si,288,embedded_text,814,773,1.0,0.0,2,pending_review,repeated_boundary_line_removed
constitution_si_2023_consolidated,constitution-si.pdf,si,289,embedded_text,971,930,1.0,0.0,2,pending_review,repeated_boundary_line_removed
constitution_en_2023_consolidated,constitution.pdf,en,1,embedded_text,198,141,1.0,0.0,1,pending_review,repeated_boundary_line_removed
constitution_en_2023_consolidated,constitution.pdf,en,2,embedded_text,59,2,1.0,0.0,1,pending_review,repeated_boundary_line_removed
constitution_en_2023_consolidated,constitution.pdf,en,3,embedded_text,240,183,1.0,0.0,1,pending_review,repeated_boundary_line_removed
constitution_en_2023_consolidated,constitution.pdf,en,4,embedded_text,113,56,1.0,0.0,1,pending_review,repeated_boundary_line_removed
constitution_en_2023_consolidated,constitution.pdf,en,5,embedded_text,421,364,1.0,0.0,1,pending_review,repeated_boundary_line_removed
constitution_en_2023_consolidated,constitution.pdf,en,6,embedded_text,59,2,1.0,0.0,1,pending_review,repeated_boundary_line_removed
constitution_en_2023_consolidated,constitution.pdf,en,7,embedded_text,790,733,1.0,0.0,1,pending_review,repeated_boundary_line_removed
constitution_en_2023_consolidated,constitution.pdf,en,8,embedded_text,709,652,1.0,0.0,1,pending_review,repeated_boundary_line_removed
constitution_en_2023_consolidated,constitution.pdf,en,9,embedded_text,988,931,1.0,0.0,1,pending_review,repeated_boundary_line_removed
constitution_en_2023_consolidated,constitution.pdf,en,10,embedded_text,905,848,1.0,0.0,1,pending_review,repeated_boundary_line_removed
constitution_en_2023_consolidated,constitution.pdf,en,11,embedded_text,1023,966,1.0,0.0,1,pending_review,repeated_boundary_line_removed
constitution_en_2023_consolidated,constitution.pdf,en,12,embedded_text,948,891,1.0,0.0,1,pending_review,repeated_boundary_line_removed
constitution_en_2023_consolidated,constitution.pdf,en,13,embedded_text,1286,1229,1.0,0.0,1,pending_review,repeated_boundary_line_removed
constitution_en_2023_consolidated,constitution.pdf,en,14,embedded_text,1067,1010,1.0,0.0,1,pending_review,repeated_boundary_line_removed
constitution_en_2023_consolidated,constitution.pdf,en,15,embedded_text,1160,1103,1.0,0.0,1,pending_review,repeated_boundary_line_removed
constitution_en_2023_consolidated,constitution.pdf,en,16,embedded_text,1141,1084,1.0,0.0,1,pending_review,repeated_boundary_line_removed
constitution_en_2023_consolidated,constitution.pdf,en,17,embedded_text,1225,1168,1.0,0.0,1,pending_review,repeated_boundary_line_removed
constitution_en_2023_consolidated,constitution.pdf,en,18,embedded_text,988,931,1.0,0.0,1,pending_review,repeated_boundary_line_removed
constitution_en_2023_consolidated,constitution.pdf,en,19,embedded_text,845,788,1.0,0.0,1,pending_review,repeated_boundary_line_removed
constitution_en_2023_consolidated,constitution.pdf,en,20,embedded_text,980,923,1.0,0.0,1,pending_review,repeated_boundary_line_removed
constitution_en_2023_consolidated,constitution.pdf,en,21,embedded_text,481,424,1.0,0.0,1,pending_review,repeated_boundary_line_removed
constitution_en_2023_consolidated,constitution.pdf,en,22,embedded_text,59,2,1.0,0.0,1,pending_review,repeated_boundary_line_removed
constitution_en_2023_consolidated,constitution.pdf,en,23,embedded_text,1582,1525,1.0,0.0,1,pending_review,repeated_boundary_line_removed
constitution_en_2023_consolidated,constitution.pdf,en,24,embedded_text,61,4,1.0,0.0,1,pending_review,repeated_boundary_line_removed
constitution_en_2023_consolidated,constitution.pdf,en,25,embedded_text,1199,1142,1.0,0.0,1,pending_review,repeated_boundary_line_removed
constitution_en_2023_consolidated,constitution.pdf,en,26,embedded_text,1282,1225,1.0,0.0,1,pending_review,repeated_boundary_line_removed
constitution_en_2023_consolidated,constitution.pdf,en,27,embedded_text,282,225,1.0,0.0,1,pending_review,repeated_boundary_line_removed
constitution_en_2023_consolidated,constitution.pdf,en,28,embedded_text,1483,1426,1.0,0.0,1,pending_review,repeated_boundary_line_removed
constitution_en_2023_consolidated,constitution.pdf,en,29,embedded_text,1462,1405,1.0,0.0,1,pending_review,repeated_boundary_line_removed
constitution_en_2023_consolidated,constitution.pdf,en,30,embedded_text,1236,1179,1.0,0.0,1,pending_review,repeated_boundary_line_removed
constitution_en_2023_consolidated,constitution.pdf,en,31,embedded_text,1214,1157,1.0,0.0,1,pending_review,repeated_boundary_line_removed
constitution_en_2023_consolidated,constitution.pdf,en,32,embedded_text,1618,1561,1.0,0.0,1,pending_review,repeated_boundary_line_removed
constitution_en_2023_consolidated,constitution.pdf,en,33,embedded_text,1474,1417,1.0,0.0,1,pending_review,repeated_boundary_line_removed
constitution_en_2023_consolidated,constitution.pdf,en,34,embedded_text,957,900,1.0,0.0,1,pending_review,repeated_boundary_line_removed
constitution_en_2023_consolidated,constitution.pdf,en,35,embedded_text,1454,1397,1.0,0.0,1,pending_review,repeated_boundary_line_removed
constitution_en_2023_consolidated,constitution.pdf,en,36,embedded_text,1461,1404,1.0,0.0,1,pending_review,repeated_boundary_line_removed
constitution_en_2023_consolidated,constitution.pdf,en,37,embedded_text,1471,1414,1.0,0.0,1,pending_review,repeated_boundary_line_removed
constitution_en_2023_consolidated,constitution.pdf,en,38,embedded_text,1530,1473,1.0,0.0,1,pending_review,repeated_boundary_line_removed
constitution_en_2023_consolidated,constitution.pdf,en,39,embedded_text,1571,1514,1.0,0.0,1,pending_review,repeated_boundary_line_removed
constitution_en_2023_consolidated,constitution.pdf,en,40,embedded_text,1670,1613,1.0,0.0,1,pending_review,repeated_boundary_line_removed
constitution_en_2023_consolidated,constitution.pdf,en,41,embedded_text,624,567,1.0,0.0,1,pending_review,repeated_boundary_line_removed
constitution_en_2023_consolidated,constitution.pdf,en,42,embedded_text,1351,1294,1.0,0.0,1,pending_review,repeated_boundary_line_removed
constitution_en_2023_consolidated,constitution.pdf,en,43,embedded_text,1254,1197,1.0,0.0,1,pending_review,repeated_boundary_line_removed
constitution_en_2023_consolidated,constitution.pdf,en,44,embedded_text,1351,1294,1.0,0.0,1,pending_review,repeated_boundary_line_removed
constitution_en_2023_consolidated,constitution.pdf,en,45,embedded_text,1357,1300,1.0,0.0,1,pending_review,repeated_boundary_line_removed
constitution_en_2023_consolidated,constitution.pdf,en,46,embedded_text,570,513,1.0,0.0,1,pending_review,repeated_boundary_line_removed
constitution_en_2023_consolidated,constitution.pdf,en,47,embedded_text,1363,1306,1.0,0.0,1,pending_review,repeated_boundary_line_removed
constitution_en_2023_consolidated,constitution.pdf,en,48,embedded_text,1578,1521,1.0,0.0,1,pending_review,repeated_boundary_line_removed
constitution_en_2023_consolidated,constitution.pdf,en,49,embedded_text,1450,1393,1.0,0.0,1,pending_review,repeated_boundary_line_removed
constitution_en_2023_consolidated,constitution.pdf,en,50,embedded_text,1336,1279,1.0,0.0,1,pending_review,repeated_boundary_line_removed
constitution_en_2023_consolidated,constitution.pdf,en,51,embedded_text,1277,1220,1.0,0.0,1,pending_review,repeated_boundary_line_removed
constitution_en_2023_consolidated,constitution.pdf,en,52,embedded_text,1422,1365,1.0,0.0,1,pending_review,repeated_boundary_line_removed
constitution_en_2023_consolidated,constitution.pdf,en,53,embedded_text,1223,1166,1.0,0.0,1,pending_review,repeated_boundary_line_removed
constitution_en_2023_consolidated,constitution.pdf,en,54,embedded_text,1137,1080,1.0,0.0,1,pending_review,repeated_boundary_line_removed
constitution_en_2023_consolidated,constitution.pdf,en,55,embedded_text,1431,1374,1.0,0.0,1,pending_review,repeated_boundary_line_removed
constitution_en_2023_consolidated,constitution.pdf,en,56,embedded_text,1490,1433,1.0,0.0,1,pending_review,repeated_boundary_line_removed
constitution_en_2023_consolidated,constitution.pdf,en,57,embedded_text,1664,1607,1.0,0.0,1,pending_review,repeated_boundary_line_removed
constitution_en_2023_consolidated,constitution.pdf,en,58,embedded_text,1256,1199,1.0,0.0,1,pending_review,repeated_boundary_line_removed
constitution_en_2023_consolidated,constitution.pdf,en,59,embedded_text,1087,1030,1.0,0.0,1,pending_review,repeated_boundary_line_removed
constitution_en_2023_consolidated,constitution.pdf,en,60,embedded_text,1471,1414,1.0,0.0,1,pending_review,repeated_boundary_line_removed
constitution_en_2023_consolidated,constitution.pdf,en,61,embedded_text,1514,1457,1.0,0.0,1,pending_review,repeated_boundary_line_removed
constitution_en_2023_consolidated,constitution.pdf,en,62,embedded_text,1403,1346,1.0,0.0,1,pending_review,repeated_boundary_line_removed
constitution_en_2023_consolidated,constitution.pdf,en,63,embedded_text,1311,1254,1.0,0.0,1,pending_review,repeated_boundary_line_removed
constitution_en_2023_consolidated,constitution.pdf,en,64,embedded_text,325,268,1.0,0.0,1,pending_review,repeated_boundary_line_removed
constitution_en_2023_consolidated,constitution.pdf,en,65,embedded_text,1110,1053,1.0,0.0,1,pending_review,repeated_boundary_line_removed
constitution_en_2023_consolidated,constitution.pdf,en,66,embedded_text,1600,1543,1.0,0.0,1,pending_review,repeated_boundary_line_removed
constitution_en_2023_consolidated,constitution.pdf,en,67,embedded_text,1501,1444,1.0,0.0,1,pending_review,repeated_boundary_line_removed
constitution_en_2023_consolidated,constitution.pdf,en,68,embedded_text,1546,1489,1.0,0.0,1,pending_review,repeated_boundary_line_removed
constitution_en_2023_consolidated,constitution.pdf,en,69,embedded_text,1112,1055,1.0,0.0,1,pending_review,repeated_boundary_line_removed
constitution_en_2023_consolidated,constitution.pdf,en,70,embedded_text,994,937,1.0,0.0,1,pending_review,repeated_boundary_line_removed
constitution_en_2023_consolidated,constitution.pdf,en,71,embedded_text,1464,1407,1.0,0.0,1,pending_review,repeated_boundary_line_removed
constitution_en_2023_consolidated,constitution.pdf,en,72,embedded_text,1519,1462,1.0,0.0,1,pending_review,repeated_boundary_line_removed
constitution_en_2023_consolidated,constitution.pdf,en,73,embedded_text,402,345,1.0,0.0,1,pending_review,repeated_boundary_line_removed
constitution_en_2023_consolidated,constitution.pdf,en,74,embedded_text,1312,1255,1.0,0.0,1,pending_review,repeated_boundary_line_removed
constitution_en_2023_consolidated,constitution.pdf,en,75,embedded_text,1561,1504,1.0,0.0,1,pending_review,repeated_boundary_line_removed
constitution_en_2023_consolidated,constitution.pdf,en,76,embedded_text,1485,1428,1.0,0.0,1,pending_review,repeated_boundary_line_removed
constitution_en_2023_consolidated,constitution.pdf,en,77,embedded_text,1225,1168,1.0,0.0,1,pending_review,repeated_boundary_line_removed
constitution_en_2023_consolidated,constitution.pdf,en,78,embedded_text,1634,1577,1.0,0.0,1,pending_review,repeated_boundary_line_removed
constitution_en_2023_consolidated,constitution.pdf,en,79,embedded_text,1746,1689,1.0,0.0,1,pending_review,repeated_boundary_line_removed
constitution_en_2023_consolidated,constitution.pdf,en,80,embedded_text,1501,1444,1.0,0.0,1,pending_review,repeated_boundary_line_removed
constitution_en_2023_consolidated,constitution.pdf,en,81,embedded_text,673,616,1.0,0.0,1,pending_review,repeated_boundary_line_removed
constitution_en_2023_consolidated,constitution.pdf,en,82,embedded_text,1471,1414,1.0,0.0,1,pending_review,repeated_boundary_line_removed
constitution_en_2023_consolidated,constitution.pdf,en,83,embedded_text,1656,1599,1.0,0.0,1,pending_review,repeated_boundary_line_removed
constitution_en_2023_consolidated,constitution.pdf,en,84,embedded_text,1493,1436,1.0,0.0,1,pending_review,repeated_boundary_line_removed
constitution_en_2023_consolidated,constitution.pdf,en,85,embedded_text,1600,1543,1.0,0.0,1,pending_review,repeated_boundary_line_removed
constitution_en_2023_consolidated,constitution.pdf,en,86,embedded_text,1511,1454,1.0,0.0,1,pending_review,repeated_boundary_line_removed
constitution_en_2023_consolidated,constitution.pdf,en,87,embedded_text,1714,1657,1.0,0.0,1,pending_review,repeated_boundary_line_removed
constitution_en_2023_consolidated,constitution.pdf,en,88,embedded_text,1256,1199,1.0,0.0,1,pending_review,repeated_boundary_line_removed
constitution_en_2023_consolidated,constitution.pdf,en,89,embedded_text,1420,1363,1.0,0.0,1,pending_review,repeated_boundary_line_removed
constitution_en_2023_consolidated,constitution.pdf,en,90,embedded_text,1470,1413,1.0,0.0,1,pending_review,repeated_boundary_line_removed
constitution_en_2023_consolidated,constitution.pdf,en,91,embedded_text,1083,1026,1.0,0.0,1,pending_review,repeated_boundary_line_removed
constitution_en_2023_consolidated,constitution.pdf,en,92,embedded_text,1424,1367,1.0,0.0,1,pending_review,repeated_boundary_line_removed
constitution_en_2023_consolidated,constitution.pdf,en,93,embedded_text,332,275,1.0,0.0,1,pending_review,repeated_boundary_line_removed
constitution_en_2023_consolidated,constitution.pdf,en,94,embedded_text,1189,1132,1.0,0.0,1,pending_review,repeated_boundary_line_removed
constitution_en_2023_consolidated,constitution.pdf,en,95,embedded_text,1193,1136,1.0,0.0,1,pending_review,repeated_boundary_line_removed
constitution_en_2023_consolidated,constitution.pdf,en,96,embedded_text,1599,1542,1.0,0.0,1,pending_review,repeated_boundary_line_removed
constitution_en_2023_consolidated,constitution.pdf,en,97,embedded_text,1332,1275,1.0,0.0,1,pending_review,repeated_boundary_line_removed
constitution_en_2023_consolidated,constitution.pdf,en,98,embedded_text,1431,1374,1.0,0.0,1,pending_review,repeated_boundary_line_removed
constitution_en_2023_consolidated,constitution.pdf,en,99,embedded_text,1439,1382,1.0,0.0,1,pending_review,repeated_boundary_line_removed
constitution_en_2023_consolidated,constitution.pdf,en,100,embedded_text,1516,1459,1.0,0.0,1,pending_review,repeated_boundary_line_removed
constitution_en_2023_consolidated,constitution.pdf,en,101,embedded_text,1284,1227,1.0,0.0,1,pending_review,repeated_boundary_line_removed
constitution_en_2023_consolidated,constitution.pdf,en,102,embedded_text,1165,1108,1.0,0.0,1,pending_review,repeated_boundary_line_removed
constitution_en_2023_consolidated,constitution.pdf,en,103,embedded_text,1477,1420,1.0,0.0,1,pending_review,repeated_boundary_line_removed
constitution_en_2023_consolidated,constitution.pdf,en,104,embedded_text,1388,1331,1.0,0.0,1,pending_review,repeated_boundary_line_removed
constitution_en_2023_consolidated,constitution.pdf,en,105,embedded_text,750,693,1.0,0.0,1,pending_review,repeated_boundary_line_removed
constitution_en_2023_consolidated,constitution.pdf,en,106,embedded_text,1477,1420,1.0,0.0,1,pending_review,repeated_boundary_line_removed
constitution_en_2023_consolidated,constitution.pdf,en,107,embedded_text,499,442,1.0,0.0,1,pending_review,repeated_boundary_line_removed
constitution_en_2023_consolidated,constitution.pdf,en,108,embedded_text,1239,1182,1.0,0.0,1,pending_review,repeated_boundary_line_removed
constitution_en_2023_consolidated,constitution.pdf,en,109,embedded_text,1209,1152,1.0,0.0,1,pending_review,repeated_boundary_line_removed
constitution_en_2023_consolidated,constitution.pdf,en,110,embedded_text,1111,1054,1.0,0.0,1,pending_review,repeated_boundary_line_removed
constitution_en_2023_consolidated,constitution.pdf,en,111,embedded_text,1105,1048,1.0,0.0,1,pending_review,repeated_boundary_line_removed
constitution_en_2023_consolidated,constitution.pdf,en,112,embedded_text,1152,1095,1.0,0.0,1,pending_review,repeated_boundary_line_removed
constitution_en_2023_consolidated,constitution.pdf,en,113,embedded_text,1125,1068,1.0,0.0,1,pending_review,repeated_boundary_line_removed
constitution_en_2023_consolidated,constitution.pdf,en,114,embedded_text,1339,1282,1.0,0.0,1,pending_review,repeated_boundary_line_removed
constitution_en_2023_consolidated,constitution.pdf,en,115,embedded_text,1095,1038,1.0,0.0,1,pending_review,repeated_boundary_line_removed
constitution_en_2023_consolidated,constitution.pdf,en,116,embedded_text,1241,1184,1.0,0.0,1,pending_review,repeated_boundary_line_removed
constitution_en_2023_consolidated,constitution.pdf,en,117,embedded_text,1268,1211,1.0,0.0,1,pending_review,repeated_boundary_line_removed
constitution_en_2023_consolidated,constitution.pdf,en,118,embedded_text,1433,1376,1.0,0.0,1,pending_review,repeated_boundary_line_removed
constitution_en_2023_consolidated,constitution.pdf,en,119,embedded_text,1542,1485,1.0,0.0,1,pending_review,repeated_boundary_line_removed
constitution_en_2023_consolidated,constitution.pdf,en,120,embedded_text,1801,1744,1.0,0.0,1,pending_review,repeated_boundary_line_removed
constitution_en_2023_consolidated,constitution.pdf,en,121,embedded_text,1650,1593,1.0,0.0,1,pending_review,repeated_boundary_line_removed
constitution_en_2023_consolidated,constitution.pdf,en,122,embedded_text,1567,1510,1.0,0.0,1,pending_review,repeated_boundary_line_removed
constitution_en_2023_consolidated,constitution.pdf,en,123,embedded_text,1691,1634,1.0,0.0,1,pending_review,repeated_boundary_line_removed
constitution_en_2023_consolidated,constitution.pdf,en,124,embedded_text,1590,1533,1.0,0.0,1,pending_review,repeated_boundary_line_removed
constitution_en_2023_consolidated,constitution.pdf,en,125,embedded_text,1576,1519,1.0,0.0,1,pending_review,repeated_boundary_line_removed
constitution_en_2023_consolidated,constitution.pdf,en,126,embedded_text,1655,1598,1.0,0.0,1,pending_review,repeated_boundary_line_removed
constitution_en_2023_consolidated,constitution.pdf,en,127,embedded_text,1567,1510,1.0,0.0,1,pending_review,repeated_boundary_line_removed
constitution_en_2023_consolidated,constitution.pdf,en,128,embedded_text,1140,1083,1.0,0.0,1,pending_review,repeated_boundary_line_removed
constitution_en_2023_consolidated,constitution.pdf,en,129,embedded_text,882,825,1.0,0.0,1,pending_review,repeated_boundary_line_removed
constitution_en_2023_consolidated,constitution.pdf,en,130,embedded_text,1535,1478,1.0,0.0,1,pending_review,repeated_boundary_line_removed
constitution_en_2023_consolidated,constitution.pdf,en,131,embedded_text,1566,1509,1.0,0.0,1,pending_review,repeated_boundary_line_removed
constitution_en_2023_consolidated,constitution.pdf,en,132,embedded_text,1387,1330,1.0,0.0,1,pending_review,repeated_boundary_line_removed
constitution_en_2023_consolidated,constitution.pdf,en,133,embedded_text,1434,1377,1.0,0.0,1,pending_review,repeated_boundary_line_removed
constitution_en_2023_consolidated,constitution.pdf,en,134,embedded_text,1328,1271,1.0,0.0,1,pending_review,repeated_boundary_line_removed
constitution_en_2023_consolidated,constitution.pdf,en,135,embedded_text,1370,1313,1.0,0.0,1,pending_review,repeated_boundary_line_removed
constitution_en_2023_consolidated,constitution.pdf,en,136,embedded_text,1567,1510,1.0,0.0,1,pending_review,repeated_boundary_line_removed
constitution_en_2023_consolidated,constitution.pdf,en,137,embedded_text,1347,1290,1.0,0.0,1,pending_review,repeated_boundary_line_removed
constitution_en_2023_consolidated,constitution.pdf,en,138,embedded_text,1374,1317,1.0,0.0,1,pending_review,repeated_boundary_line_removed
constitution_en_2023_consolidated,constitution.pdf,en,139,embedded_text,1492,1435,1.0,0.0,1,pending_review,repeated_boundary_line_removed
constitution_en_2023_consolidated,constitution.pdf,en,140,embedded_text,1082,1025,1.0,0.0,1,pending_review,repeated_boundary_line_removed
constitution_en_2023_consolidated,constitution.pdf,en,141,embedded_text,1367,1310,1.0,0.0,1,pending_review,repeated_boundary_line_removed
constitution_en_2023_consolidated,constitution.pdf,en,142,embedded_text,1428,1371,1.0,0.0,1,pending_review,repeated_boundary_line_removed
constitution_en_2023_consolidated,constitution.pdf,en,143,embedded_text,1458,1401,1.0,0.0,1,pending_review,repeated_boundary_line_removed
constitution_en_2023_consolidated,constitution.pdf,en,144,embedded_text,1715,1658,1.0,0.0,1,pending_review,repeated_boundary_line_removed
constitution_en_2023_consolidated,constitution.pdf,en,145,embedded_text,1559,1502,1.0,0.0,1,pending_review,repeated_boundary_line_removed
constitution_en_2023_consolidated,constitution.pdf,en,146,embedded_text,1742,1685,1.0,0.0,1,pending_review,repeated_boundary_line_removed
constitution_en_2023_consolidated,constitution.pdf,en,147,embedded_text,1662,1605,1.0,0.0,1,pending_review,repeated_boundary_line_removed
constitution_en_2023_consolidated,constitution.pdf,en,148,embedded_text,1542,1485,1.0,0.0,1,pending_review,repeated_boundary_line_removed
constitution_en_2023_consolidated,constitution.pdf,en,149,embedded_text,1477,1420,1.0,0.0,1,pending_review,repeated_boundary_line_removed
constitution_en_2023_consolidated,constitution.pdf,en,150,embedded_text,1333,1276,1.0,0.0,1,pending_review,repeated_boundary_line_removed
constitution_en_2023_consolidated,constitution.pdf,en,151,embedded_text,1504,1447,1.0,0.0,1,pending_review,repeated_boundary_line_removed
constitution_en_2023_consolidated,constitution.pdf,en,152,embedded_text,1292,1235,1.0,0.0,1,pending_review,repeated_boundary_line_removed
constitution_en_2023_consolidated,constitution.pdf,en,153,embedded_text,281,224,1.0,0.0,1,pending_review,repeated_boundary_line_removed
constitution_en_2023_consolidated,constitution.pdf,en,154,embedded_text,1071,1014,1.0,0.0,1,pending_review,repeated_boundary_line_removed
constitution_en_2023_consolidated,constitution.pdf,en,155,embedded_text,1343,1286,1.0,0.0,1,pending_review,repeated_boundary_line_removed
constitution_en_2023_consolidated,constitution.pdf,en,156,embedded_text,1488,1431,1.0,0.0,1,pending_review,repeated_boundary_line_removed
constitution_en_2023_consolidated,constitution.pdf,en,157,embedded_text,1339,1282,1.0,0.0,1,pending_review,repeated_boundary_line_removed
constitution_en_2023_consolidated,constitution.pdf,en,158,embedded_text,1365,1308,1.0,0.0,1,pending_review,repeated_boundary_line_removed
constitution_en_2023_consolidated,constitution.pdf,en,159,embedded_text,1718,1661,1.0,0.0,1,pending_review,repeated_boundary_line_removed
constitution_en_2023_consolidated,constitution.pdf,en,160,embedded_text,1589,1532,1.0,0.0,1,pending_review,repeated_boundary_line_removed
constitution_en_2023_consolidated,constitution.pdf,en,161,embedded_text,1645,1588,1.0,0.0,1,pending_review,repeated_boundary_line_removed
constitution_en_2023_consolidated,constitution.pdf,en,162,embedded_text,1529,1472,1.0,0.0,1,pending_review,repeated_boundary_line_removed
constitution_en_2023_consolidated,constitution.pdf,en,163,embedded_text,1589,1532,1.0,0.0,1,pending_review,repeated_boundary_line_removed
constitution_en_2023_consolidated,constitution.pdf,en,164,embedded_text,1281,1224,1.0,0.0,1,pending_review,repeated_boundary_line_removed
constitution_en_2023_consolidated,constitution.pdf,en,165,embedded_text,1563,1506,1.0,0.0,1,pending_review,repeated_boundary_line_removed
constitution_en_2023_consolidated,constitution.pdf,en,166,embedded_text,1126,1069,1.0,0.0,1,pending_review,repeated_boundary_line_removed
constitution_en_2023_consolidated,constitution.pdf,en,167,embedded_text,1253,1196,1.0,0.0,1,pending_review,repeated_boundary_line_removed
constitution_en_2023_consolidated,constitution.pdf,en,168,embedded_text,1622,1565,1.0,0.0,1,pending_review,repeated_boundary_line_removed
constitution_en_2023_consolidated,constitution.pdf,en,169,embedded_text,1473,1416,1.0,0.0,1,pending_review,repeated_boundary_line_removed
constitution_en_2023_consolidated,constitution.pdf,en,170,embedded_text,1494,1437,1.0,0.0,1,pending_review,repeated_boundary_line_removed
constitution_en_2023_consolidated,constitution.pdf,en,171,embedded_text,1515,1458,1.0,0.0,1,pending_review,repeated_boundary_line_removed
constitution_en_2023_consolidated,constitution.pdf,en,172,embedded_text,1170,1113,1.0,0.0,1,pending_review,repeated_boundary_line_removed
constitution_en_2023_consolidated,constitution.pdf,en,173,embedded_text,1532,1475,1.0,0.0,1,pending_review,repeated_boundary_line_removed
constitution_en_2023_consolidated,constitution.pdf,en,174,embedded_text,1407,1350,1.0,0.0,1,pending_review,repeated_boundary_line_removed
constitution_en_2023_consolidated,constitution.pdf,en,175,embedded_text,1465,1408,1.0,0.0,1,pending_review,repeated_boundary_line_removed
constitution_en_2023_consolidated,constitution.pdf,en,176,embedded_text,1097,1040,1.0,0.0,1,pending_review,repeated_boundary_line_removed
constitution_en_2023_consolidated,constitution.pdf,en,177,embedded_text,1282,1225,1.0,0.0,1,pending_review,repeated_boundary_line_removed
constitution_en_2023_consolidated,constitution.pdf,en,178,embedded_text,1547,1490,1.0,0.0,1,pending_review,repeated_boundary_line_removed
constitution_en_2023_consolidated,constitution.pdf,en,179,embedded_text,1856,1799,1.0,0.0,1,pending_review,repeated_boundary_line_removed
constitution_en_2023_consolidated,constitution.pdf,en,180,embedded_text,1628,1571,1.0,0.0,1,pending_review,repeated_boundary_line_removed
constitution_en_2023_consolidated,constitution.pdf,en,181,embedded_text,1259,1202,1.0,0.0,1,pending_review,repeated_boundary_line_removed
constitution_en_2023_consolidated,constitution.pdf,en,182,embedded_text,857,800,1.0,0.0,1,pending_review,repeated_boundary_line_removed
constitution_en_2023_consolidated,constitution.pdf,en,183,embedded_text,1445,1388,1.0,0.0,1,pending_review,repeated_boundary_line_removed
constitution_en_2023_consolidated,constitution.pdf,en,184,embedded_text,1334,1277,1.0,0.0,1,pending_review,repeated_boundary_line_removed
constitution_en_2023_consolidated,constitution.pdf,en,185,embedded_text,1248,1191,1.0,0.0,1,pending_review,repeated_boundary_line_removed
constitution_en_2023_consolidated,constitution.pdf,en,186,embedded_text,1389,1332,1.0,0.0,1,pending_review,repeated_boundary_line_removed
constitution_en_2023_consolidated,constitution.pdf,en,187,embedded_text,1511,1454,1.0,0.0,1,pending_review,repeated_boundary_line_removed
constitution_en_2023_consolidated,constitution.pdf,en,188,embedded_text,1376,1319,1.0,0.0,1,pending_review,repeated_boundary_line_removed
constitution_en_2023_consolidated,constitution.pdf,en,189,embedded_text,1287,1230,1.0,0.0,1,pending_review,repeated_boundary_line_removed
constitution_en_2023_consolidated,constitution.pdf,en,190,embedded_text,1447,1390,1.0,0.0,1,pending_review,repeated_boundary_line_removed
constitution_en_2023_consolidated,constitution.pdf,en,191,embedded_text,1521,1464,1.0,0.0,1,pending_review,repeated_boundary_line_removed
constitution_en_2023_consolidated,constitution.pdf,en,192,embedded_text,1600,1543,1.0,0.0,1,pending_review,repeated_boundary_line_removed
constitution_en_2023_consolidated,constitution.pdf,en,193,embedded_text,1567,1510,1.0,0.0,1,pending_review,repeated_boundary_line_removed
constitution_en_2023_consolidated,constitution.pdf,en,194,embedded_text,1376,1319,1.0,0.0,1,pending_review,repeated_boundary_line_removed
constitution_en_2023_consolidated,constitution.pdf,en,195,embedded_text,1521,1464,1.0,0.0,1,pending_review,repeated_boundary_line_removed
constitution_en_2023_consolidated,constitution.pdf,en,196,embedded_text,1531,1474,1.0,0.0,1,pending_review,repeated_boundary_line_removed
constitution_en_2023_consolidated,constitution.pdf,en,197,embedded_text,1247,1190,1.0,0.0,1,pending_review,repeated_boundary_line_removed
constitution_en_2023_consolidated,constitution.pdf,en,198,embedded_text,1298,1241,1.0,0.0,1,pending_review,repeated_boundary_line_removed
constitution_en_2023_consolidated,constitution.pdf,en,199,embedded_text,1011,954,1.0,0.0,1,pending_review,repeated_boundary_line_removed
constitution_en_2023_consolidated,constitution.pdf,en,200,embedded_text,1073,1016,1.0,0.0,1,pending_review,repeated_boundary_line_removed
constitution_en_2023_consolidated,constitution.pdf,en,201,embedded_text,1242,1185,1.0,0.0,1,pending_review,repeated_boundary_line_removed
constitution_en_2023_consolidated,constitution.pdf,en,202,embedded_text,1388,1331,1.0,0.0,1,pending_review,repeated_boundary_line_removed
constitution_en_2023_consolidated,constitution.pdf,en,203,embedded_text,476,419,1.0,0.0,1,pending_review,repeated_boundary_line_removed
constitution_en_2023_consolidated,constitution.pdf,en,204,embedded_text,1380,1323,1.0,0.0,1,pending_review,repeated_boundary_line_removed
constitution_en_2023_consolidated,constitution.pdf,en,205,embedded_text,1432,1375,1.0,0.0,1,pending_review,repeated_boundary_line_removed
constitution_en_2023_consolidated,constitution.pdf,en,206,embedded_text,1201,1144,1.0,0.0,1,pending_review,repeated_boundary_line_removed
constitution_en_2023_consolidated,constitution.pdf,en,207,embedded_text,658,601,1.0,0.0,1,pending_review,repeated_boundary_line_removed
constitution_en_2023_consolidated,constitution.pdf,en,208,embedded_text,1564,1507,1.0,0.0,1,pending_review,repeated_boundary_line_removed
constitution_en_2023_consolidated,constitution.pdf,en,209,embedded_text,1384,1327,1.0,0.0,1,pending_review,repeated_boundary_line_removed
constitution_en_2023_consolidated,constitution.pdf,en,210,embedded_text,1540,1483,1.0,0.0,1,pending_review,repeated_boundary_line_removed
constitution_en_2023_consolidated,constitution.pdf,en,211,embedded_text,1627,1570,1.0,0.0,1,pending_review,repeated_boundary_line_removed
constitution_en_2023_consolidated,constitution.pdf,en,212,embedded_text,1384,1327,1.0,0.0,1,pending_review,repeated_boundary_line_removed
constitution_en_2023_consolidated,constitution.pdf,en,213,embedded_text,1350,1293,1.0,0.0,1,pending_review,repeated_boundary_line_removed
constitution_en_2023_consolidated,constitution.pdf,en,214,embedded_text,1466,1409,1.0,0.0,1,pending_review,repeated_boundary_line_removed
constitution_en_2023_consolidated,constitution.pdf,en,215,embedded_text,1037,980,1.0,0.0,1,pending_review,repeated_boundary_line_removed
constitution_en_2023_consolidated,constitution.pdf,en,216,embedded_text,1191,1134,1.0,0.0,1,pending_review,repeated_boundary_line_removed
constitution_en_2023_consolidated,constitution.pdf,en,217,embedded_text,507,450,1.0,0.0,1,pending_review,repeated_boundary_line_removed
constitution_en_2023_consolidated,constitution.pdf,en,218,embedded_text,1248,1191,1.0,0.0,1,pending_review,repeated_boundary_line_removed
constitution_en_2023_consolidated,constitution.pdf,en,219,embedded_text,1521,1464,1.0,0.0,1,pending_review,repeated_boundary_line_removed
constitution_en_2023_consolidated,constitution.pdf,en,220,embedded_text,1229,1172,1.0,0.0,1,pending_review,repeated_boundary_line_removed
constitution_en_2023_consolidated,constitution.pdf,en,221,embedded_text,1070,1013,1.0,0.0,1,pending_review,repeated_boundary_line_removed
constitution_en_2023_consolidated,constitution.pdf,en,222,embedded_text,1336,1279,1.0,0.0,1,pending_review,repeated_boundary_line_removed
constitution_en_2023_consolidated,constitution.pdf,en,223,embedded_text,1312,1255,1.0,0.0,1,pending_review,repeated_boundary_line_removed
constitution_en_2023_consolidated,constitution.pdf,en,224,embedded_text,1454,1397,1.0,0.0,1,pending_review,repeated_boundary_line_removed
constitution_en_2023_consolidated,constitution.pdf,en,225,embedded_text,1284,1227,1.0,0.0,1,pending_review,repeated_boundary_line_removed
constitution_en_2023_consolidated,constitution.pdf,en,226,embedded_text,1100,1043,1.0,0.0,1,pending_review,repeated_boundary_line_removed
constitution_en_2023_consolidated,constitution.pdf,en,227,embedded_text,1328,1271,1.0,0.0,1,pending_review,repeated_boundary_line_removed
constitution_en_2023_consolidated,constitution.pdf,en,228,embedded_text,1302,1245,1.0,0.0,1,pending_review,repeated_boundary_line_removed
constitution_en_2023_consolidated,constitution.pdf,en,229,embedded_text,904,847,1.0,0.0,1,pending_review,repeated_boundary_line_removed
constitution_en_2023_consolidated,constitution.pdf,en,230,embedded_text,1343,1286,1.0,0.0,1,pending_review,repeated_boundary_line_removed
constitution_en_2023_consolidated,constitution.pdf,en,231,embedded_text,1207,1150,1.0,0.0,1,pending_review,repeated_boundary_line_removed
constitution_en_2023_consolidated,constitution.pdf,en,232,embedded_text,1111,1054,1.0,0.0,1,pending_review,repeated_boundary_line_removed
constitution_en_2023_consolidated,constitution.pdf,en,233,embedded_text,1071,1014,1.0,0.0,1,pending_review,repeated_boundary_line_removed
constitution_en_2023_consolidated,constitution.pdf,en,234,embedded_text,1034,977,1.0,0.0,1,pending_review,repeated_boundary_line_removed
constitution_en_2023_consolidated,constitution.pdf,en,235,embedded_text,1092,1035,1.0,0.0,1,pending_review,repeated_boundary_line_removed
constitution_en_2023_consolidated,constitution.pdf,en,236,embedded_text,1243,1186,1.0,0.0,1,pending_review,repeated_boundary_line_removed
constitution_en_2023_consolidated,constitution.pdf,en,237,embedded_text,1165,1108,1.0,0.0,1,pending_review,repeated_boundary_line_removed
constitution_en_2023_consolidated,constitution.pdf,en,238,embedded_text,1177,1120,1.0,0.0,1,pending_review,repeated_boundary_line_removed
constitution_en_2023_consolidated,constitution.pdf,en,239,embedded_text,1483,1426,1.0,0.0,1,pending_review,repeated_boundary_line_removed
constitution_en_2023_consolidated,constitution.pdf,en,240,embedded_text,1382,1325,1.0,0.0,1,pending_review,repeated_boundary_line_removed
constitution_en_2023_consolidated,constitution.pdf,en,241,embedded_text,1437,1380,1.0,0.0,1,pending_review,repeated_boundary_line_removed
constitution_en_2023_consolidated,constitution.pdf,en,242,embedded_text,1508,1451,1.0,0.0,1,pending_review,repeated_boundary_line_removed
constitution_en_2023_consolidated,constitution.pdf,en,243,embedded_text,1329,1272,1.0,0.0,1,pending_review,repeated_boundary_line_removed
constitution_en_2023_consolidated,constitution.pdf,en,244,embedded_text,1206,1149,1.0,0.0,1,pending_review,repeated_boundary_line_removed
constitution_en_2023_consolidated,constitution.pdf,en,245,embedded_text,1284,1227,1.0,0.0,1,pending_review,repeated_boundary_line_removed
constitution_en_2023_consolidated,constitution.pdf,en,246,embedded_text,1234,1177,1.0,0.0,1,pending_review,repeated_boundary_line_removed
constitution_en_2023_consolidated,constitution.pdf,en,247,embedded_text,1288,1231,1.0,0.0,1,pending_review,repeated_boundary_line_removed
constitution_en_2023_consolidated,constitution.pdf,en,248,embedded_text,1344,1287,1.0,0.0,1,pending_review,repeated_boundary_line_removed
constitution_en_2023_consolidated,constitution.pdf,en,249,embedded_text,1178,1121,1.0,0.0,1,pending_review,repeated_boundary_line_removed
constitution_en_2023_consolidated,constitution.pdf,en,250,embedded_text,1108,1051,1.0,0.0,1,pending_review,repeated_boundary_line_removed
constitution_en_2023_consolidated,constitution.pdf,en,251,embedded_text,918,861,1.0,0.0,1,pending_review,repeated_boundary_line_removed
constitution_en_2023_consolidated,constitution.pdf,en,252,embedded_text,1089,1032,1.0,0.0,1,pending_review,repeated_boundary_line_removed
constitution_en_2023_consolidated,constitution.pdf,en,253,embedded_text,1154,1097,1.0,0.0,1,pending_review,repeated_boundary_line_removed
constitution_en_2023_consolidated,constitution.pdf,en,254,embedded_text,999,942,1.0,0.0,1,pending_review,repeated_boundary_line_removed
constitution_en_2023_consolidated,constitution.pdf,en,255,embedded_text,718,661,1.0,0.0,1,pending_review,repeated_boundary_line_removed
constitution_en_2023_consolidated,constitution.pdf,en,256,embedded_text,160,103,1.0,0.0,1,pending_review,repeated_boundary_line_removed
constitution_en_2023_consolidated,constitution.pdf,en,257,embedded_text,443,386,1.0,0.0,1,pending_review,repeated_boundary_line_removed
constitution_en_2023_consolidated,constitution.pdf,en,258,embedded_text,1184,1127,1.0,0.0,1,pending_review,repeated_boundary_line_removed
constitution_en_2023_consolidated,constitution.pdf,en,259,embedded_text,1207,1150,1.0,0.0,1,pending_review,repeated_boundary_line_removed
constitution_en_2023_consolidated,constitution.pdf,en,260,embedded_text,1296,1239,1.0,0.0,1,pending_review,repeated_boundary_line_removed
constitution_en_2023_consolidated,constitution.pdf,en,261,embedded_text,293,236,1.0,0.0,1,pending_review,repeated_boundary_line_removed
constitution_en_2023_consolidated,constitution.pdf,en,262,embedded_text,425,368,1.0,0.0,1,pending_review,repeated_boundary_line_removed
constitution_en_2023_consolidated,constitution.pdf,en,263,embedded_text,97,40,1.0,0.0,1,pending_review,repeated_boundary_line_removed
constitution_en_2023_consolidated,constitution.pdf,en,264,embedded_text,60,3,0.0,0.0,1,pending_review,repeated_boundary_line_removed
constitution_en_2023_consolidated,constitution.pdf,en,265,embedded_text,113,56,1.0,0.0,1,pending_review,repeated_boundary_line_removed
constitution_en_2023_consolidated,constitution.pdf,en,266,embedded_text,60,3,0.0,0.0,1,pending_review,repeated_boundary_line_removed
constitution_en_2023_consolidated,constitution.pdf,en,267,embedded_text,60,3,0.0,0.0,1,pending_review,repeated_boundary_line_removed
constitution_en_2023_consolidated,constitution.pdf,en,268,embedded_text,60,3,0.0,0.0,1,pending_review,repeated_boundary_line_removed
constitution_en_2023_consolidated,constitution.pdf,en,269,embedded_text,504,447,1.0,0.0,1,pending_review,repeated_boundary_line_removed
constitution_en_2023_consolidated,constitution.pdf,en,270,embedded_text,207,150,1.0,0.0,1,pending_review,repeated_boundary_line_removed
constitution_en_2023_consolidated,constitution.pdf,en,271,embedded_text,2576,2519,1.0,0.0,1,pending_review,repeated_boundary_line_removed
constitution_en_2023_consolidated,constitution.pdf,en,272,embedded_text,515,458,1.0,0.0,1,pending_review,repeated_boundary_line_removed
constitution_en_2023_consolidated,constitution.pdf,en,273,embedded_text,238,181,1.0,0.0,1,pending_review,repeated_boundary_line_removed
constitution_en_2023_consolidated,constitution.pdf,en,274,embedded_text,1304,1247,1.0,0.0,1,pending_review,repeated_boundary_line_removed
constitution_en_2023_consolidated,constitution.pdf,en,275,embedded_text,1199,1142,1.0,0.0,1,pending_review,repeated_boundary_line_removed
constitution_en_2023_consolidated,constitution.pdf,en,276,embedded_text,1429,1372,1.0,0.0,1,pending_review,repeated_boundary_line_removed
constitution_en_2023_consolidated,constitution.pdf,en,277,embedded_text,1616,1559,1.0,0.0,1,pending_review,repeated_boundary_line_removed
constitution_en_2023_consolidated,constitution.pdf,en,278,embedded_text,1563,1506,1.0,0.0,1,pending_review,repeated_boundary_line_removed
constitution_en_2023_consolidated,constitution.pdf,en,279,embedded_text,1383,1326,1.0,0.0,1,pending_review,repeated_boundary_line_removed
constitution_en_2023_consolidated,constitution.pdf,en,280,embedded_text,679,622,1.0,0.0,1,pending_review,repeated_boundary_line_removed
constitution_en_2023_consolidated,constitution.pdf,en,281,embedded_text,1401,1344,1.0,0.0,1,pending_review,repeated_boundary_line_removed
constitution_en_2023_consolidated,constitution.pdf,en,282,embedded_text,1171,1114,1.0,0.0,1,pending_review,repeated_boundary_line_removed
constitution_en_2023_consolidated,constitution.pdf,en,283,embedded_text,1552,1495,1.0,0.0,1,pending_review,repeated_boundary_line_removed
constitution_en_2023_consolidated,constitution.pdf,en,284,embedded_text,1514,1457,1.0,0.0,1,pending_review,repeated_boundary_line_removed
constitution_en_2023_consolidated,constitution.pdf,en,285,embedded_text,1541,1484,1.0,0.0,1,pending_review,repeated_boundary_line_removed
constitution_en_2023_consolidated,constitution.pdf,en,286,embedded_text,1424,1367,1.0,0.0,1,pending_review,repeated_boundary_line_removed
constitution_en_2023_consolidated,constitution.pdf,en,287,embedded_text,1370,1313,1.0,0.0,1,pending_review,repeated_boundary_line_removed
constitution_en_2023_consolidated,constitution.pdf,en,288,embedded_text,1271,1214,1.0,0.0,1,pending_review,repeated_boundary_line_removed
constitution_en_2023_consolidated,constitution.pdf,en,289,embedded_text,1483,1426,1.0,0.0,1,pending_review,repeated_boundary_line_removed
constitution_en_2023_consolidated,constitution.pdf,en,290,embedded_text,1582,1525,1.0,0.0,1,pending_review,repeated_boundary_line_removed
constitution_en_2023_consolidated,constitution.pdf,en,291,embedded_text,1006,949,1.0,0.0,1,pending_review,repeated_boundary_line_removed
constitution_en_2023_consolidated,constitution.pdf,en,292,embedded_text,1559,1502,1.0,0.0,1,pending_review,repeated_boundary_line_removed
constitution_en_2023_consolidated,constitution.pdf,en,293,embedded_text,1574,1517,1.0,0.0,1,pending_review,repeated_boundary_line_removed
constitution_en_2023_consolidated,constitution.pdf,en,294,embedded_text,260,203,1.0,0.0,1,pending_review,repeated_boundary_line_removed
constitution_en_2023_consolidated,constitution.pdf,en,295,embedded_text,1384,1327,1.0,0.0,1,pending_review,repeated_boundary_line_removed
constitution_en_2023_consolidated,constitution.pdf,en,296,embedded_text,1317,1260,1.0,0.0,1,pending_review,repeated_boundary_line_removed
constitution_en_2023_consolidated,constitution.pdf,en,297,embedded_text,1052,995,1.0,0.0,1,pending_review,repeated_boundary_line_removed
constitution_en_2023_consolidated,constitution.pdf,en,298,embedded_text,1367,1310,1.0,0.0,1,pending_review,repeated_boundary_line_removed
constitution_en_2023_consolidated,constitution.pdf,en,299,embedded_text,1475,1418,1.0,0.0,1,pending_review,repeated_boundary_line_removed
constitution_en_2023_consolidated,constitution.pdf,en,300,embedded_text,1342,1285,1.0,0.0,1,pending_review,repeated_boundary_line_removed
constitution_en_2023_consolidated,constitution.pdf,en,301,embedded_text,1592,1535,1.0,0.0,1,pending_review,repeated_boundary_line_removed
constitution_en_2023_consolidated,constitution.pdf,en,302,embedded_text,825,768,1.0,0.0,1,pending_review,repeated_boundary_line_removed
constitution_en_2023_consolidated,constitution.pdf,en,303,embedded_text,1204,1147,1.0,0.0,1,pending_review,repeated_boundary_line_removed
constitution_en_2023_consolidated,constitution.pdf,en,304,embedded_text,1190,1133,1.0,0.0,1,pending_review,repeated_boundary_line_removed
constitution_en_2023_consolidated,constitution.pdf,en,305,embedded_text,1253,1196,1.0,0.0,1,pending_review,repeated_boundary_line_removed
constitution_en_2023_consolidated,constitution.pdf,en,306,embedded_text,946,889,1.0,0.0,1,pending_review,repeated_boundary_line_removed
penal_code_si_scan,දණ්ඩ නීති සංග්_රහය.pdf,si,1,none,19,0,0.0,0.0,0,rejected,insufficient_embedded_text|ocr_cache_used|ocr_insufficient_embedded_text
penal_code_si_scan,දණ්ඩ නීති සංග්_රහය.pdf,si,2,ocr_sin,19,1149,1.0,0.0,0,pending_review,embedded_text_replaced_by_ocr
penal_code_si_scan,දණ්ඩ නීති සංග්_රහය.pdf,si,3,ocr_sin,19,1457,0.998489,0.0,0,pending_review,embedded_text_replaced_by_ocr
penal_code_si_scan,දණ්ඩ නීති සංග්_රහය.pdf,si,4,ocr_sin,19,1709,1.0,0.0,0,pending_review,embedded_text_replaced_by_ocr
penal_code_si_scan,දණ්ඩ නීති සංග්_රහය.pdf,si,5,ocr_sin,19,1552,1.0,0.0,0,pending_review,embedded_text_replaced_by_ocr
penal_code_si_scan,දණ්ඩ නීති සංග්_රහය.pdf,si,6,ocr_sin,19,1558,1.0,0.0,0,pending_review,embedded_text_replaced_by_ocr
penal_code_si_scan,දණ්ඩ නීති සංග්_රහය.pdf,si,7,ocr_sin,19,1470,1.0,0.0,0,pending_review,embedded_text_replaced_by_ocr
penal_code_si_scan,දණ්ඩ නීති සංග්_රහය.pdf,si,8,ocr_sin,19,1634,1.0,0.0,0,pending_review,embedded_text_replaced_by_ocr
penal_code_si_scan,දණ්ඩ නීති සංග්_රහය.pdf,si,9,ocr_sin,19,2014,1.0,0.0,0,pending_review,embedded_text_replaced_by_ocr
penal_code_si_scan,දණ්ඩ නීති සංග්_රහය.pdf,si,10,ocr_sin,19,2175,1.0,0.0,0,pending_review,embedded_text_replaced_by_ocr
penal_code_si_scan,දණ්ඩ නීති සංග්_රහය.pdf,si,11,ocr_sin,19,1684,1.0,0.0,0,pending_review,embedded_text_replaced_by_ocr
penal_code_si_scan,දණ්ඩ නීති සංග්_රහය.pdf,si,12,ocr_sin,19,1679,1.0,0.0,0,pending_review,embedded_text_replaced_by_ocr
penal_code_si_scan,දණ්ඩ නීති සංග්_රහය.pdf,si,13,ocr_sin,19,1916,1.0,0.0,0,pending_review,embedded_text_replaced_by_ocr
penal_code_si_scan,දණ්ඩ නීති සංග්_රහය.pdf,si,14,ocr_sin,19,1490,1.0,0.0,0,pending_review,embedded_text_replaced_by_ocr
penal_code_si_scan,දණ්ඩ නීති සංග්_රහය.pdf,si,15,ocr_sin,19,2425,1.0,0.0,0,pending_review,embedded_text_replaced_by_ocr
penal_code_si_scan,දණ්ඩ නීති සංග්_රහය.pdf,si,16,ocr_sin,19,1996,1.0,0.0,0,pending_review,embedded_text_replaced_by_ocr
penal_code_si_scan,දණ්ඩ නීති සංග්_රහය.pdf,si,17,ocr_sin,19,1976,1.0,0.0,0,pending_review,embedded_text_replaced_by_ocr
penal_code_si_scan,දණ්ඩ නීති සංග්_රහය.pdf,si,18,ocr_sin,19,2013,1.0,0.0,0,pending_review,embedded_text_replaced_by_ocr
penal_code_si_scan,දණ්ඩ නීති සංග්_රහය.pdf,si,19,ocr_sin,19,2274,1.0,0.0,0,pending_review,embedded_text_replaced_by_ocr
penal_code_si_scan,දණ්ඩ නීති සංග්_රහය.pdf,si,20,ocr_sin,19,1900,1.0,0.0,0,pending_review,embedded_text_replaced_by_ocr
penal_code_si_scan,දණ්ඩ නීති සංග්_රහය.pdf,si,21,ocr_sin,19,1911,1.0,0.0,0,pending_review,embedded_text_replaced_by_ocr
penal_code_si_scan,දණ්ඩ නීති සංග්_රහය.pdf,si,22,ocr_sin,19,1857,1.0,0.0,0,pending_review,embedded_text_replaced_by_ocr
penal_code_si_scan,දණ්ඩ නීති සංග්_රහය.pdf,si,23,ocr_sin,19,1745,1.0,0.0,0,pending_review,embedded_text_replaced_by_ocr
penal_code_si_scan,දණ්ඩ නීති සංග්_රහය.pdf,si,24,ocr_sin,19,2024,1.0,0.0,0,pending_review,embedded_text_replaced_by_ocr
penal_code_si_scan,දණ්ඩ නීති සංග්_රහය.pdf,si,25,ocr_sin,19,2264,1.0,0.0,0,pending_review,embedded_text_replaced_by_ocr
penal_code_si_scan,දණ්ඩ නීති සංග්_රහය.pdf,si,26,ocr_sin,19,2247,1.0,0.0,0,pending_review,embedded_text_replaced_by_ocr
penal_code_si_scan,දණ්ඩ නීති සංග්_රහය.pdf,si,27,ocr_sin,19,2240,1.0,0.0,0,pending_review,embedded_text_replaced_by_ocr
penal_code_si_scan,දණ්ඩ නීති සංග්_රහය.pdf,si,28,ocr_sin,19,2133,1.0,0.0,0,pending_review,embedded_text_replaced_by_ocr
penal_code_si_scan,දණ්ඩ නීති සංග්_රහය.pdf,si,29,ocr_sin,19,2432,1.0,0.0,0,pending_review,embedded_text_replaced_by_ocr
penal_code_si_scan,දණ්ඩ නීති සංග්_රහය.pdf,si,30,ocr_sin,19,1918,1.0,0.0,0,pending_review,embedded_text_replaced_by_ocr
penal_code_si_scan,දණ්ඩ නීති සංග්_රහය.pdf,si,31,ocr_sin,19,1657,1.0,0.0,0,pending_review,embedded_text_replaced_by_ocr
penal_code_si_scan,දණ්ඩ නීති සංග්_රහය.pdf,si,32,ocr_sin,19,2215,1.0,0.0,0,pending_review,embedded_text_replaced_by_ocr
penal_code_si_scan,දණ්ඩ නීති සංග්_රහය.pdf,si,33,ocr_sin,19,2211,1.0,0.0,0,pending_review,embedded_text_replaced_by_ocr
penal_code_si_scan,දණ්ඩ නීති සංග්_රහය.pdf,si,34,ocr_sin,19,2029,1.0,0.0,0,pending_review,embedded_text_replaced_by_ocr
penal_code_si_scan,දණ්ඩ නීති සංග්_රහය.pdf,si,35,ocr_sin,19,1992,1.0,0.0,0,pending_review,embedded_text_replaced_by_ocr
penal_code_si_scan,දණ්ඩ නීති සංග්_රහය.pdf,si,36,ocr_sin,19,1631,1.0,0.0,0,pending_review,embedded_text_replaced_by_ocr
penal_code_si_scan,දණ්ඩ නීති සංග්_රහය.pdf,si,37,ocr_sin,19,2064,1.0,0.0,0,pending_review,embedded_text_replaced_by_ocr
penal_code_si_scan,දණ්ඩ නීති සංග්_රහය.pdf,si,38,ocr_sin,19,2377,1.0,0.0,0,pending_review,embedded_text_replaced_by_ocr
penal_code_si_scan,දණ්ඩ නීති සංග්_රහය.pdf,si,39,ocr_sin,19,2267,1.0,0.0,0,pending_review,embedded_text_replaced_by_ocr
penal_code_si_scan,දණ්ඩ නීති සංග්_රහය.pdf,si,40,ocr_sin,19,1971,1.0,0.0,0,pending_review,embedded_text_replaced_by_ocr
penal_code_si_scan,දණ්ඩ නීති සංග්_රහය.pdf,si,41,ocr_sin,19,2046,1.0,0.0,0,pending_review,embedded_text_replaced_by_ocr
penal_code_si_scan,දණ්ඩ නීති සංග්_රහය.pdf,si,42,ocr_sin,19,2255,1.0,0.0,0,pending_review,embedded_text_replaced_by_ocr
penal_code_si_scan,දණ්ඩ නීති සංග්_රහය.pdf,si,43,ocr_sin,19,2247,1.0,0.0,0,pending_review,embedded_text_replaced_by_ocr
penal_code_si_scan,දණ්ඩ නීති සංග්_රහය.pdf,si,44,ocr_sin,19,1640,1.0,0.0,0,pending_review,embedded_text_replaced_by_ocr
penal_code_si_scan,දණ්ඩ නීති සංග්_රහය.pdf,si,45,ocr_sin,19,1524,1.0,0.0,0,pending_review,embedded_text_replaced_by_ocr
penal_code_si_scan,දණ්ඩ නීති සංග්_රහය.pdf,si,46,ocr_sin,19,1950,1.0,0.0,0,pending_review,embedded_text_replaced_by_ocr
penal_code_si_scan,දණ්ඩ නීති සංග්_රහය.pdf,si,47,ocr_sin,19,1766,1.0,0.0,0,pending_review,embedded_text_replaced_by_ocr
penal_code_si_scan,දණ්ඩ නීති සංග්_රහය.pdf,si,48,ocr_sin,19,2156,1.0,0.0,0,pending_review,embedded_text_replaced_by_ocr
penal_code_si_scan,දණ්ඩ නීති සංග්_රහය.pdf,si,49,ocr_sin,19,2247,1.0,0.0,0,pending_review,embedded_text_replaced_by_ocr
penal_code_si_scan,දණ්ඩ නීති සංග්_රහය.pdf,si,50,ocr_sin,19,2231,1.0,0.0,0,pending_review,embedded_text_replaced_by_ocr
penal_code_si_scan,දණ්ඩ නීති සංග්_රහය.pdf,si,51,ocr_sin,19,2053,1.0,0.0,0,pending_review,embedded_text_replaced_by_ocr
penal_code_si_scan,දණ්ඩ නීති සංග්_රහය.pdf,si,52,ocr_sin,19,1814,1.0,0.0,0,pending_review,embedded_text_replaced_by_ocr
penal_code_si_scan,දණ්ඩ නීති සංග්_රහය.pdf,si,53,ocr_sin,19,2169,1.0,0.0,0,pending_review,embedded_text_replaced_by_ocr
penal_code_si_scan,දණ්ඩ නීති සංග්_රහය.pdf,si,54,ocr_sin,19,2039,1.0,0.0,0,pending_review,embedded_text_replaced_by_ocr
penal_code_si_scan,දණ්ඩ නීති සංග්_රහය.pdf,si,55,ocr_sin,19,2378,1.0,0.0,0,pending_review,embedded_text_replaced_by_ocr
penal_code_si_scan,දණ්ඩ නීති සංග්_රහය.pdf,si,56,ocr_sin,19,2161,1.0,0.0,0,pending_review,embedded_text_replaced_by_ocr
penal_code_si_scan,දණ්ඩ නීති සංග්_රහය.pdf,si,57,ocr_sin,19,2230,1.0,0.0,0,pending_review,embedded_text_replaced_by_ocr
penal_code_si_scan,දණ්ඩ නීති සංග්_රහය.pdf,si,58,ocr_sin,19,2056,1.0,0.0,0,pending_review,embedded_text_replaced_by_ocr
penal_code_si_scan,දණ්ඩ නීති සංග්_රහය.pdf,si,59,ocr_sin,19,2101,1.0,0.0,0,pending_review,embedded_text_replaced_by_ocr
penal_code_si_scan,දණ්ඩ නීති සංග්_රහය.pdf,si,60,ocr_sin,19,1760,1.0,0.0,0,pending_review,embedded_text_replaced_by_ocr
penal_code_si_scan,දණ්ඩ නීති සංග්_රහය.pdf,si,61,ocr_sin,19,2168,1.0,0.0,0,pending_review,embedded_text_replaced_by_ocr
penal_code_si_scan,දණ්ඩ නීති සංග්_රහය.pdf,si,62,ocr_sin,19,1874,1.0,0.0,0,pending_review,embedded_text_replaced_by_ocr
penal_code_si_scan,දණ්ඩ නීති සංග්_රහය.pdf,si,63,ocr_sin,19,2034,1.0,0.0,0,pending_review,embedded_text_replaced_by_ocr
penal_code_si_scan,දණ්ඩ නීති සංග්_රහය.pdf,si,64,ocr_sin,19,1999,1.0,0.0,0,pending_review,embedded_text_replaced_by_ocr
penal_code_si_scan,දණ්ඩ නීති සංග්_රහය.pdf,si,65,ocr_sin,19,2085,1.0,0.0,0,pending_review,embedded_text_replaced_by_ocr
penal_code_si_scan,දණ්ඩ නීති සංග්_රහය.pdf,si,66,ocr_sin,19,2078,1.0,0.0,0,pending_review,embedded_text_replaced_by_ocr
penal_code_si_scan,දණ්ඩ නීති සංග්_රහය.pdf,si,67,ocr_sin,19,2261,1.0,0.0,0,pending_review,embedded_text_replaced_by_ocr
penal_code_si_scan,දණ්ඩ නීති සංග්_රහය.pdf,si,68,ocr_sin,19,2371,1.0,0.0,0,pending_review,embedded_text_replaced_by_ocr
penal_code_si_scan,දණ්ඩ නීති සංග්_රහය.pdf,si,69,ocr_sin,19,2413,1.0,0.0,0,pending_review,embedded_text_replaced_by_ocr
penal_code_si_scan,දණ්ඩ නීති සංග්_රහය.pdf,si,70,ocr_sin,19,2388,1.0,0.0,0,pending_review,embedded_text_replaced_by_ocr
penal_code_si_scan,දණ්ඩ නීති සංග්_රහය.pdf,si,71,ocr_sin,19,1980,1.0,0.0,0,pending_review,embedded_text_replaced_by_ocr
penal_code_si_scan,දණ්ඩ නීති සංග්_රහය.pdf,si,72,ocr_sin,19,1962,1.0,0.0,0,pending_review,embedded_text_replaced_by_ocr
penal_code_si_scan,දණ්ඩ නීති සංග්_රහය.pdf,si,73,ocr_sin,19,2093,1.0,0.0,0,pending_review,embedded_text_replaced_by_ocr
penal_code_si_scan,දණ්ඩ නීති සංග්_රහය.pdf,si,74,ocr_sin,19,2286,1.0,0.0,0,pending_review,embedded_text_replaced_by_ocr
penal_code_si_scan,දණ්ඩ නීති සංග්_රහය.pdf,si,75,ocr_sin,19,2138,1.0,0.0,0,pending_review,embedded_text_replaced_by_ocr
penal_code_si_scan,දණ්ඩ නීති සංග්_රහය.pdf,si,76,ocr_sin,19,2089,1.0,0.0,0,pending_review,embedded_text_replaced_by_ocr
penal_code_si_scan,දණ්ඩ නීති සංග්_රහය.pdf,si,77,ocr_sin,19,1901,1.0,0.0,0,pending_review,embedded_text_replaced_by_ocr
penal_code_si_scan,දණ්ඩ නීති සංග්_රහය.pdf,si,78,ocr_sin,19,2031,1.0,0.0,0,pending_review,embedded_text_replaced_by_ocr
penal_code_si_scan,දණ්ඩ නීති සංග්_රහය.pdf,si,79,ocr_sin,19,2058,1.0,0.0,0,pending_review,embedded_text_replaced_by_ocr
penal_code_si_scan,දණ්ඩ නීති සංග්_රහය.pdf,si,80,ocr_sin,19,2010,1.0,0.0,0,pending_review,embedded_text_replaced_by_ocr
penal_code_si_scan,දණ්ඩ නීති සංග්_රහය.pdf,si,81,ocr_sin,19,2528,1.0,0.0,0,pending_review,embedded_text_replaced_by_ocr
penal_code_si_scan,දණ්ඩ නීති සංග්_රහය.pdf,si,82,ocr_sin,19,1942,1.0,0.0,0,pending_review,embedded_text_replaced_by_ocr
penal_code_si_scan,දණ්ඩ නීති සංග්_රහය.pdf,si,83,ocr_sin,19,2009,1.0,0.0,0,pending_review,embedded_text_replaced_by_ocr
penal_code_si_scan,දණ්ඩ නීති සංග්_රහය.pdf,si,84,ocr_sin,19,2338,1.0,0.0,0,pending_review,embedded_text_replaced_by_ocr
penal_code_si_scan,දණ්ඩ නීති සංග්_රහය.pdf,si,85,ocr_sin,19,1422,1.0,0.0,0,pending_review,embedded_text_replaced_by_ocr
penal_code_si_scan,දණ්ඩ නීති සංග්_රහය.pdf,si,86,ocr_sin,19,2299,1.0,0.0,0,pending_review,embedded_text_replaced_by_ocr
penal_code_si_scan,දණ්ඩ නීති සංග්_රහය.pdf,si,87,ocr_sin,19,2223,1.0,0.0,0,pending_review,embedded_text_replaced_by_ocr
penal_code_si_scan,දණ්ඩ නීති සංග්_රහය.pdf,si,88,ocr_sin,19,2209,1.0,0.0,0,pending_review,embedded_text_replaced_by_ocr
penal_code_si_scan,දණ්ඩ නීති සංග්_රහය.pdf,si,89,ocr_sin,19,2249,1.0,0.0,0,pending_review,embedded_text_replaced_by_ocr
penal_code_si_scan,දණ්ඩ නීති සංග්_රහය.pdf,si,90,ocr_sin,19,1837,1.0,0.0,0,pending_review,embedded_text_replaced_by_ocr
penal_code_si_scan,දණ්ඩ නීති සංග්_රහය.pdf,si,91,ocr_sin,19,2144,1.0,0.0,0,pending_review,embedded_text_replaced_by_ocr
penal_code_si_scan,දණ්ඩ නීති සංග්_රහය.pdf,si,92,ocr_sin,19,2195,1.0,0.0,0,pending_review,embedded_text_replaced_by_ocr
penal_code_si_scan,දණ්ඩ නීති සංග්_රහය.pdf,si,93,ocr_sin,19,2329,1.0,0.0,0,pending_review,embedded_text_replaced_by_ocr
penal_code_si_scan,දණ්ඩ නීති සංග්_රහය.pdf,si,94,ocr_sin,19,2389,1.0,0.0,0,pending_review,embedded_text_replaced_by_ocr
penal_code_si_scan,දණ්ඩ නීති සංග්_රහය.pdf,si,95,ocr_sin,19,2280,1.0,0.0,0,pending_review,embedded_text_replaced_by_ocr
penal_code_si_scan,දණ්ඩ නීති සංග්_රහය.pdf,si,96,ocr_sin,19,2209,1.0,0.0,0,pending_review,embedded_text_replaced_by_ocr
penal_code_si_scan,දණ්ඩ නීති සංග්_රහය.pdf,si,97,ocr_sin,19,2181,1.0,0.0,0,pending_review,embedded_text_replaced_by_ocr
penal_code_si_scan,දණ්ඩ නීති සංග්_රහය.pdf,si,98,ocr_sin,19,2267,1.0,0.0,0,pending_review,embedded_text_replaced_by_ocr
penal_code_si_scan,දණ්ඩ නීති සංග්_රහය.pdf,si,99,ocr_sin,19,1675,1.0,0.0,0,pending_review,embedded_text_replaced_by_ocr
penal_code_si_scan,දණ්ඩ නීති සංග්_රහය.pdf,si,100,ocr_sin,19,1807,1.0,0.0,0,pending_review,embedded_text_replaced_by_ocr
penal_code_si_scan,දණ්ඩ නීති සංග්_රහය.pdf,si,101,ocr_sin,19,2415,1.0,0.0,0,pending_review,embedded_text_replaced_by_ocr
penal_code_si_scan,දණ්ඩ නීති සංග්_රහය.pdf,si,102,ocr_sin,19,1935,1.0,0.0,0,pending_review,embedded_text_replaced_by_ocr
penal_code_si_scan,දණ්ඩ නීති සංග්_රහය.pdf,si,103,ocr_sin,19,2104,1.0,0.0,0,pending_review,embedded_text_replaced_by_ocr
penal_code_si_scan,දණ්ඩ නීති සංග්_රහය.pdf,si,104,ocr_sin,19,2184,1.0,0.0,0,pending_review,embedded_text_replaced_by_ocr
penal_code_si_scan,දණ්ඩ නීති සංග්_රහය.pdf,si,105,ocr_sin,19,2278,1.0,0.0,0,pending_review,embedded_text_replaced_by_ocr
penal_code_si_scan,දණ්ඩ නීති සංග්_රහය.pdf,si,106,ocr_sin,19,2173,1.0,0.0,0,pending_review,embedded_text_replaced_by_ocr
penal_code_si_scan,දණ්ඩ නීති සංග්_රහය.pdf,si,107,ocr_sin,19,2473,1.0,0.0,0,pending_review,embedded_text_replaced_by_ocr
penal_code_si_scan,දණ්ඩ නීති සංග්_රහය.pdf,si,108,ocr_sin,19,2186,1.0,0.0,0,pending_review,embedded_text_replaced_by_ocr
penal_code_si_scan,දණ්ඩ නීති සංග්_රහය.pdf,si,109,ocr_sin,19,2150,1.0,0.0,0,pending_review,embedded_text_replaced_by_ocr
penal_code_si_scan,දණ්ඩ නීති සංග්_රහය.pdf,si,110,ocr_sin,19,1719,1.0,0.0,0,pending_review,embedded_text_replaced_by_ocr
penal_code_si_scan,දණ්ඩ නීති සංග්_රහය.pdf,si,111,ocr_sin,19,1912,1.0,0.0,0,pending_review,embedded_text_replaced_by_ocr
penal_code_si_scan,දණ්ඩ නීති සංග්_රහය.pdf,si,112,ocr_sin,19,2200,1.0,0.0,0,pending_review,embedded_text_replaced_by_ocr
penal_code_si_scan,දණ්ඩ නීති සංග්_රහය.pdf,si,113,ocr_sin,19,2235,1.0,0.0,0,pending_review,embedded_text_replaced_by_ocr
penal_code_si_scan,දණ්ඩ නීති සංග්_රහය.pdf,si,114,ocr_sin,19,1918,1.0,0.0,0,pending_review,embedded_text_replaced_by_ocr
penal_code_si_scan,දණ්ඩ නීති සංග්_රහය.pdf,si,115,ocr_sin,19,2058,1.0,0.0,0,pending_review,embedded_text_replaced_by_ocr
penal_code_si_scan,දණ්ඩ නීති සංග්_රහය.pdf,si,116,ocr_sin,19,2477,1.0,0.0,0,pending_review,embedded_text_replaced_by_ocr
penal_code_si_scan,දණ්ඩ නීති සංග්_රහය.pdf,si,117,ocr_sin,19,2135,1.0,0.0,0,pending_review,embedded_text_replaced_by_ocr
penal_code_si_scan,දණ්ඩ නීති සංග්_රහය.pdf,si,118,ocr_sin,19,1865,1.0,0.0,0,pending_review,embedded_text_replaced_by_ocr
penal_code_si_scan,දණ්ඩ නීති සංග්_රහය.pdf,si,119,ocr_sin,19,1970,1.0,0.0,0,pending_review,embedded_text_replaced_by_ocr
penal_code_si_scan,දණ්ඩ නීති සංග්_රහය.pdf,si,120,ocr_sin,19,2237,1.0,0.0,0,pending_review,embedded_text_replaced_by_ocr
penal_code_si_scan,දණ්ඩ නීති සංග්_රහය.pdf,si,121,ocr_sin,19,2402,1.0,0.0,0,pending_review,embedded_text_replaced_by_ocr
penal_code_si_scan,දණ්ඩ නීති සංග්_රහය.pdf,si,122,ocr_sin,19,2162,1.0,0.0,0,pending_review,embedded_text_replaced_by_ocr
penal_code_si_scan,දණ්ඩ නීති සංග්_රහය.pdf,si,123,ocr_sin,19,2153,1.0,0.0,0,pending_review,embedded_text_replaced_by_ocr
penal_code_si_scan,දණ්ඩ නීති සංග්_රහය.pdf,si,124,ocr_sin,19,2013,1.0,0.0,0,pending_review,embedded_text_replaced_by_ocr
penal_code_si_scan,දණ්ඩ නීති සංග්_රහය.pdf,si,125,ocr_sin,19,2356,1.0,0.0,0,pending_review,embedded_text_replaced_by_ocr
penal_code_si_scan,දණ්ඩ නීති සංග්_රහය.pdf,si,126,ocr_sin,19,2210,1.0,0.0,0,pending_review,embedded_text_replaced_by_ocr
penal_code_si_scan,දණ්ඩ නීති සංග්_රහය.pdf,si,127,ocr_sin,19,2245,1.0,0.0,0,pending_review,embedded_text_replaced_by_ocr
penal_code_si_scan,දණ්ඩ නීති සංග්_රහය.pdf,si,128,ocr_sin,19,2092,1.0,0.0,0,pending_review,embedded_text_replaced_by_ocr
penal_code_si_scan,දණ්ඩ නීති සංග්_රහය.pdf,si,129,ocr_sin,19,2276,1.0,0.0,0,pending_review,embedded_text_replaced_by_ocr
penal_code_si_scan,දණ්ඩ නීති සංග්_රහය.pdf,si,130,ocr_sin,19,2065,1.0,0.0,0,pending_review,embedded_text_replaced_by_ocr
penal_code_si_scan,දණ්ඩ නීති සංග්_රහය.pdf,si,131,ocr_sin,19,2232,1.0,0.0,0,pending_review,embedded_text_replaced_by_ocr
penal_code_si_scan,දණ්ඩ නීති සංග්_රහය.pdf,si,132,ocr_sin,19,2208,1.0,0.0,0,pending_review,embedded_text_replaced_by_ocr
penal_code_si_scan,දණ්ඩ නීති සංග්_රහය.pdf,si,133,ocr_sin,19,2581,1.0,0.0,0,pending_review,embedded_text_replaced_by_ocr
penal_code_si_scan,දණ්ඩ නීති සංග්_රහය.pdf,si,134,ocr_sin,19,2518,1.0,0.0,0,pending_review,embedded_text_replaced_by_ocr
penal_code_si_scan,දණ්ඩ නීති සංග්_රහය.pdf,si,135,ocr_sin,19,2159,1.0,0.0,0,pending_review,embedded_text_replaced_by_ocr
penal_code_si_scan,දණ්ඩ නීති සංග්_රහය.pdf,si,136,ocr_sin,19,1999,1.0,0.0,0,pending_review,embedded_text_replaced_by_ocr
penal_code_si_scan,දණ්ඩ නීති සංග්_රහය.pdf,si,137,ocr_sin,19,1905,1.0,0.0,0,pending_review,embedded_text_replaced_by_ocr
penal_code_si_scan,දණ්ඩ නීති සංග්_රහය.pdf,si,138,ocr_sin,19,541,1.0,0.0,0,pending_review,embedded_text_replaced_by_ocr
penal_code_si_scan,දණ්ඩ නීති සංග්_රහය.pdf,si,139,ocr_sin,19,967,1.0,0.0,0,pending_review,embedded_text_replaced_by_ocr
penal_code_si_scan,දණ්ඩ නීති සංග්_රහය.pdf,si,140,ocr_sin,19,333,1.0,0.0,0,pending_review,embedded_text_replaced_by_ocr
